year,page,code,name,opening,received,total,transferred,fa_received,fa_disposed,replied,rejected,disciplinary,fee_rs,charges_rs,penalty_rs,amount_total_rs,capios,cpios,faas,officers_total
2020-21,197,61.1,National Law University Delhi,2,125,127,0,2,1,,0,0,80,0,0,80,0,0,0,0
2020-21,197,61.2,Bhaskaracharaya College of Applied Sciences,0,14,14,0,1,0,,0,0,90,0,0,90,1,1,1,3
2020-21,197,61.3,Delhi State Legal Services Authority,10,199,209,2,37,37,,18,0,420,84,0,504,2,13,0,15
2020-21,197,61.4,Office of the Deputy Commissioner West,684,1003,1687,217,87,58,,0,0,1710,0,0,1710,0,0,0,0
2020-21,197,61.5,Office of the Chief Electoral Officer,22,1637,1659,395,95,35,,143,0,1145,100,0,1245,82,82,11,175
2020-21,197,61.6,Office of the Chief Minister Delhi,0,2021,2021,1835,200,200,,0,0,17835,0,0,17835,1,1,1,3
2020-21,197,61.7,Office of the Chief Secretary Delhi,6,968,974,838,83,72,,0,0,5630,320,0,5950,0,1,1,2
2020-21,197,61.8,Office of the Deputy Chief Minister,6,271,277,211,0,0,,0,0,2060,0,0,2060,1,1,1,3
2020-21,197,61.9,Office of the Deputy Commissioner Central,0,523,523,523,21,0,,0,0,930,0,0,930,0,0,0,0
2020-21,197,61.10,Office of the Deputy Commissioner New Delhi,1107,232,1339,1339,50,28,,0,0,0,0,0,0,0,0,0,0
2020-21,197,61.11,Office of the Deputy Commissioner North,156,4036,4192,323,250,250,,0,0,10585,0,0,10585,0,0,0,0
2020-21,197,61.12,Office of the Deputy Commissioner North East,142,805,947,305,39,38,,0,0,1050,0,0,1050,0,0,0,0
2020-21,197,61.13,Office of the Deputy Commissioner North West,65,282,347,83,94,48,,0,0,1825,2126,0,3951,0,0,0,0
2020-21,198,61.14,Office of the Deputy Commissioner South,94,822,916,314,105,88,,0,0,0,0,0,0,0,0,0,0
2020-21,198,61.15,Office of the Deputy Commissioner South West,488,773,1261,176,60,0,,0,0,1450,0,0,1450,0,0,0,0
2020-21,198,61.16,Office of the Lokayukta Delhi,1,15,16,8,4,4,,0,0,50,0,0,50,0,0,0,0
2020-21,198,61.17,Office of the Minister of Food and Civil Supplies,1,40,41,38,1,1,,0,0,130,0,0,130,0,0,0,0
2020-21,198,61.18,Office of the Minister of Transport Development GAD Employment and Labour,0,100,100,94,3,1,,0,0,290,0,0,290,0,0,0,0
2020-21,198,61.19,Office of the Minister of Transport Law and Election,0,159,159,134,10,10,,0,0,520,0,0,520,0,0,0,0
2020-21,198,61.20,Dr. B.R. Ambedkar University Delhi,4,77,81,0,17,13,,0,0,170,0,0,170,0,1,1,2
2020-21,198,61.21,Delhi Technological University,8,134,142,2,37,36,,0,0,200,222,0,422,0,0,0,0
2020-21,198,61.22,Indira Gandhi Institute of Physical Education and Sports Sciences,0,20,20,0,0,0,,0,0,0,0,0,0,0,0,0,0
2020-21,198,61.23,Food Supply and Consumers Affairs,68,771,839,24,264,179,,270,0,1230,0,0,1230,0,0,0,0
2020-21,198,61.24,Drug Control Department,63,132,195,5,23,3,,0,0,1490,0,0,1490,0,0,0,0
2020-21,198,61.25,Maulana Azad Medical College,97,152,249,17,10,10,,0,0,450,300,0,750,1,1,1,3
2020-21,198,61.26,Urdu Academy Delhi,0,20,20,7,0,0,,0,0,30,0,0,30,0,0,0,0
2020-21,198,61.27,Planning Department,6,84,90,43,13,13,,0,0,480,6,0,486,1,1,1,3
2020-21,199,61.28,Department of Social Welfare GNCT of Delhi,7,547,554,57,62,62,,0,0,1520,474,0,1994,0,52,1,53
2020-21,199,61.29,Registrar Cooperative Society,312,2078,2390,174,759,0,,1,0,13100,17349,0,30449,0,14,1,15
2020-21,199,61.30,Deptt. of Finance,0,296,296,144,5,5,,0,0,1570,0,0,1570,0,0,0,0
2020-21,199,61.31,Delhi Electricity Regulatory Commission (DERC),24,416,440,14,23,22,,0,0,820,0,0,820,1,0,0,1
2020-21,199,61.32,MCD,0,2582,2582,2429,20,6,,153,0,6525,0,0,6525,1,2,0,3
2020-21,199,61.33,NDMC,50,1674,1724,202,117,117,,7,0,13510,0,0,13510,60,40,21,121
2020-21,199,61.34,Delhi Labour Welfare Board,3,56,59,26,4,0,,0,0,480,0,0,480,0,1,1,2
2020-21,199,61.35,Information and Technology Department,4,61,65,0,0,0,,0,0,270,0,0,270,1,1,1,3
2020-21,199,61.36,A and U Tibbia College and Hospital,283,20,303,1,11,4,,0,0,160,74,0,234,0,1,1,2
2020-21,199,61.37,Acharayashree Bhikshu Government Hospital,0,38,38,0,1,1,,0,0,100,0,0,100,0,1,1,2
2020-21,199,61.38,Acharya Narendra Dev College,0,4,4,0,0,0,,4,0,0,0,0,0,0,0,0,0
2020-21,199,61.39,Administrative Reforms Department,0,207,207,16,18,18,,3,0,1610,0,0,1610,1,1,1,3
2020-21,199,61.40,"Art, Culture and Language Department",0,42,42,19,10,3,,0,0,70,0,0,70,0,0,0,0
2020-21,199,61.41,Aruna Asaf Ali Government Hospital,57,46,103,0,4,4,,0,0,470,0,0,470,0,0,0,0
2020-21,200,61.42,Aryabhat Institute of Technology,2,12,14,0,2,2,,0,0,30,0,0,30,1,1,0,2
2020-21,200,61.43,Department of Women and Child Development,9,376,385,179,63,63,,1,0,1060,34,0,1094,0,0,0,0
2020-21,200,61.44,Attar Sain Jain Eye and General Hospital,2,6,8,0,0,0,,0,0,10,0,0,10,0,1,1,2
2020-21,200,61.45,Babu Jagjivan Ram Memorial Hospital,0,86,86,0,7,4,,17,0,455,419,0,874,0,0,0,0
2020-21,200,61.46,Bhagini Nivedita College,179,9,188,0,7,0,,0,0,0,0,0,0,0,0,0,0
2020-21,200,61.47,Bhagwan Mahavir Hospital,0,49,49,1,5,5,,1,0,350,0,0,350,1,1,1,3
2020-21,200,61.48,Bhim Rao Ambedkar College,141,10,151,0,0,0,,0,0,0,0,0,0,0,0,1,1
2020-21,200,61.49,Delhi Jal Board,2629,2667,5296,49,612,312,,5,0,13650,9818,0,23468,0,78,23,101
2020-21,200,61.50,Board of Homoeopathic System of Medicine Delhi,1,13,14,1,0,0,,0,0,10,0,0,10,0,0,0,0
2020-21,200,61.51,Board of Technical Education,41,97,138,21,6,0,,0,0,690,0,0,690,0,0,0,0
2020-21,200,61.52,Central Jail Tihar,0,497,497,93,64,64,,5,0,1410,1260,0,2670,0,0,0,0
2020-21,200,61.53,Ch Brham Prakash Government Engineering College,1,13,14,0,0,0,,0,0,10,0,0,10,0,0,0,0
2020-21,200,61.54,Chacha Nehru Bal Chikitsalaya,0,55,55,0,2,2,,1,0,130,40,0,170,0,0,0,0
2020-21,200,61.55,College of Art,0,39,39,0,3,3,,0,0,220,20,0,240,0,1,1,2
2020-21,200,61.56,Commission for OBC,0,30,30,20,0,0,,0,0,0,0,0,0,0,1,1,2
2020-21,201,61.57,Deen Dayal Upadhyay Hospital,0,248,248,7,15,15,,2,0,1220,1566,0,2786,1,1,1,3
2020-21,201,61.58,Deen Dayal Upadhyaya College,3,20,23,0,4,0,,0,0,30,0,0,30,2,1,1,4
2020-21,201,61.59,Delhi Agricultural Marketing Board,17,440,457,120,28,27,,6,0,1670,2454,0,4124,14,14,2,30
2020-21,201,61.60,Delhi Bharatiya Chikitsa Parishad,0,16,16,0,2,2,,0,0,150,0,0,150,0,1,0,1
2020-21,201,61.61,Delhi Co Operative Housing Finance Corporation Limited,1,26,27,0,4,2,,3,0,150,0,0,150,1,1,1,3
2020-21,201,61.62,Delhi Commission for Safai Karamcharis,0,29,29,15,2,2,,0,0,210,0,0,210,0,0,0,0
2020-21,201,61.63,Delhi Commission for Women,96,391,487,61,61,41,,0,0,3550,2042,0,5592,1,1,1,3
2020-21,201,61.64,Delhi Consumers Cooperative Wholesale Store Limited,0,13,13,0,0,0,,0,0,50,0,0,50,0,1,1,2
2020-21,201,61.65,Delhi Dental Council,0,27,27,0,0,0,,0,0,20,0,0,20,1,1,1,3
2020-21,201,61.66,Delhi Fire Services,0,525,525,16,69,29,,0,0,2580,1008,0,3588,0,8,1,9
2020-21,201,61.67,Delhi Institute of Heritage Research and Management,15,2,17,0,2,2,,0,0,0,0,0,0,0,1,0,1
2020-21,201,61.68,Delhi Institute of Hotel Management and Catering Technology,0,4,4,0,0,0,,0,0,0,0,0,0,0,0,0,0
2020-21,201,61.69,Delhi Khadi and Village Industries Board,1,9,10,0,4,4,,0,0,60,0,0,60,1,1,1,3
2020-21,201,61.70,Delhi Legislative Assembly Secretariat,531,174,705,33,12,10,,0,0,720,393,0,1113,1,1,1,3
2020-21,201,61.71,Delhi Minorities Commission,0,51,51,1,0,0,,0,0,80,0,0,80,0,1,0,1
2020-21,202,61.72,Delhi Nursing Council,89,42,131,0,0,0,,0,0,110,0,0,110,0,1,1,2
2020-21,202,61.73,Delhi Pharmacy Council,0,10,10,4,0,0,,0,0,60,0,0,60,0,1,1,2
2020-21,202,61.74,Delhi Pollution Control Committee,16,346,362,7,81,2,,0,0,2010,4890,0,6900,0,0,0,0
2020-21,202,61.75,Delhi Sanskrit Academy,15,8,23,0,0,0,,0,0,20,0,0,20,0,0,0,0
2020-21,202,61.76,Delhi SC ST OBC Minority Handicapped Finance and Dev Corp,0,18,18,0,3,3,,0,0,145,0,0,145,0,0,0,0
2020-21,202,61.77,Delhi State AIDS Control Society,201,79,280,2,9,5,,0,0,94,0,0,94,1,0,1,2
2020-21,202,61.78,Delhi State Civil Supplies Corporation Limited,0,27,27,0,0,0,,0,0,0,0,0,0,0,1,1,2
2020-21,202,61.79,Delhi State Haj Committee,0,4,4,0,0,0,,0,0,0,0,0,0,0,0,0,0
2020-21,202,61.80,Delhi State Industrial and Infrastructure Development Corporation Limited,16,885,901,57,87,87,,1,0,6810,0,0,6810,0,0,0,0
2020-21,202,61.81,Delhi Subordinate Services Selection Board,46,5365,5411,212,869,814,,89,0,2660,0,0,2660,0,14,2,16
2020-21,202,61.82,Delhi Tourism and Transporation Development Corporation Limited,186,140,326,20,31,15,,1,0,100,630,0,730,0,9,1,10
2020-21,202,61.83,Delhi Transco Limited,0,78,78,0,43,43,,0,0,670,15781,0,16451,1,1,4,6
2020-21,202,61.84,Delhi Transport Corporation,89,866,955,89,465,360,,0,0,7400,716,0,8116,0,0,0,0
2020-21,202,61.85,Delhi Wakf Board,55,211,266,1,18,18,,5,0,1120,0,0,1120,1,1,1,3
2020-21,203,61.86,"Department for the Welfare of SC, ST, OBC and Minorities",33,293,326,53,25,23,,0,0,1245,0,0,1245,5,1,1,7
2020-21,203,61.87,Department of Archaeology,0,42,42,20,0,0,,18,0,0,820,0,820,0,0,0,0
2020-21,203,61.88,Department of Delhi Archives,12,179,191,6,0,0,,0,0,1255,2598,0,3853,0,0,0,0
2020-21,203,61.89,Department of Environment,21,57,78,18,0,0,,0,0,0,0,0,0,0,0,0,0
2020-21,203,61.90,Department of Food Safety,17,153,170,58,8,7,,6,0,970,95,0,1065,1,17,1,19
2020-21,203,61.91,Department of Forest and Wild Life,21,391,412,149,35,28,,0,0,1550,0,0,1550,0,4,1,5
2020-21,203,61.92,Department of Industries,0,174,174,132,6,4,,3,0,190,0,0,190,0,0,0,0
2020-21,203,61.93,"Department of Law, Justice and Legislative Affairs",67,260,327,166,36,23,,7,0,840,0,0,840,1,1,1,3
2020-21,203,61.94,Department of Power,0,526,526,169,27,27,,0,0,560,0,0,560,0,3,1,4
2020-21,203,61.95,Department of Trade and Taxes,5,140,145,2,81,81,,0,0,905,0,0,905,154,1,1,156
2020-21,203,61.96,Department of Training and Technical Education,14,442,456,1,123,116,,0,0,860,250,0,1110,0,0,0,0
2020-21,203,61.97,Department of Urban Development,138,1026,1164,1093,23,22,,0,0,1190,0,0,1190,7,7,3,17
2020-21,203,61.98,Development Department,93,420,513,209,39,39,,5,0,1610,540,0,2150,0,0,0,0
2020-21,203,61.99,Directorate General of Home Guards GNCTD,71,85,156,0,8,7,,0,0,405,1536,0,1941,4,1,1,6
2020-21,204,61.100,Directorate of Agricultural Marketing,0,40,40,21,5,5,,0,0,140,0,0,140,0,0,0,0
2020-21,204,61.101,Directorate of Audit,16,30,46,5,2,1,,0,0,60,324,0,384,1,1,1,3
2020-21,204,61.102,Directorate of Education,789,20197,20986,5341,1467,968,,1521,0,28248,5152,0,33400,44,44,8,96
2020-21,204,61.103,Directorate of Employment,0,119,119,32,0,0,,0,0,120,0,0,120,0,1,1,2
2020-21,204,61.104,Directorate of Family Welfare,9,133,142,62,0,0,,0,0,70,0,0,70,1,1,1,3
2020-21,204,61.105,Directorate of Gurudwara Election,0,38,38,1,4,4,,0,0,295,86,0,381,1,1,1,3
2020-21,204,61.106,Directorate of Health Services Head Quarter,7432,4587,12019,1221,163,162,,3,0,2380,552,0,2932,1,22,1,24
2020-21,204,61.107,Directorate of Higher Education,1,129,130,92,5,5,,0,0,150,0,0,150,0,0,0,0
2020-21,204,61.108,Directorate of Ayush,314,72,386,16,0,0,,0,0,10,98,0,108,2,2,1,5
2020-21,204,61.109,Directorate of Information and Publicity,0,186,186,14,15,15,,0,0,190,0,0,190,0,2,2,4
2020-21,204,61.110,Directorate of Prohibition,0,7,7,1,0,0,,0,0,0,40,0,40,0,0,0,0
2020-21,204,61.111,Directorate of Prosecution Delhi,0,118,118,15,15,15,,2,0,430,0,0,430,0,0,0,0
2020-21,204,61.112,Directorate of Small Savings and Lotteries,0,4,4,0,0,0,,0,0,20,0,0,20,1,1,1,3
2020-21,204,61.113,Directorate of Training UTCS,0,5,5,0,1,1,,0,0,0,0,0,0,0,0,0,0
2020-21,204,61.114,Directorate of Vigilance and Anti Corruption,16,440,456,99,79,7,,16,0,2790,2633,2264,7687,0,8,1,9
2020-21,205,61.115,Dr. B.R. Sur Homoeopathic Medical College and Hospital,51,26,77,0,0,0,,1,0,180,8,0,188,0,0,0,0
2020-21,205,61.116,Dr. Baba Saheb Ambedkar Hospital,116,151,267,3,1,0,,1,0,1320,66,0,1386,1,1,0,2
2020-21,205,61.117,Dr. Hedgewar Arogya Sansthan,0,99,99,0,2,1,,0,0,990,0,0,990,1,1,1,3
2020-21,205,61.118,Dr. N.C. Joshi Memorial Hospital,0,12,12,3,0,0,,0,0,100,0,0,100,0,0,0,0
2020-21,205,61.119,Dte. of Economics and Statistics,4,55,59,13,4,4,,0,0,30,0,0,30,0,0,0,0
2020-21,205,61.120,East Delhi Municipal Corporation Engineering Deptt,1081,748,1829,206,0,0,,0,0,0,0,0,0,0,0,0,0
2020-21,205,61.121,East Delhi Municipal Corporation HQ,5424,2011,7435,7435,0,0,,0,0,6310,0,0,6310,0,0,0,0
2020-21,205,61.122,Excise Entertainment and Luxury Tax,0,154,154,0,25,23,,0,0,0,0,0,0,0,0,0,0
2020-21,205,61.123,G.B. Pant Hospital,105,98,203,18,1,1,,0,0,460,0,0,460,0,1,0,1
2020-21,205,61.124,General Administration Department,2,353,355,94,31,23,,4,0,1090,0,0,1090,1,1,0,2
2020-21,205,61.125,Guru Gobind Singh Government Hospital,0,43,43,0,2,2,,0,0,145,0,0,145,1,1,1,3
2020-21,205,61.126,Guru Gobind Singh Indraprastha University,17,612,629,22,109,109,,5,0,1450,296,0,1746,0,1,0,1
2020-21,205,61.127,Guru Nanak Eye Centre,2,17,19,0,1,1,,1,0,80,0,0,80,0,1,1,2
2020-21,205,61.128,Health and Family Welfare Department,272,2700,2972,1938,99,84,,0,0,13080,1056,0,14136,0,8,1,9
2020-21,205,61.129,Hindi Academy Delhi,2,14,16,0,0,0,,0,0,40,0,0,40,0,0,0,0
2020-21,206,61.130,Home Department GNCTD,0,353,353,277,6,6,,0,0,830,2592,0,3422,7,4,3,14
2020-21,206,61.131,Institute of Human Behaviour and Allied Sciences,3,116,119,1,29,28,,13,0,900,0,0,900,0,1,0,1
2020-21,206,61.132,Irrigation and Flood Control Department,340,1262,1602,30,229,213,,0,0,2426,20969,0,23395,0,26,5,31
2020-21,206,61.133,Jag Pravesh Chandra Hospital,1,56,57,0,3,3,,0,0,210,0,0,210,1,1,1,3
2020-21,206,61.134,Labour Department Delhi,267,1151,1418,148,172,144,,0,0,2540,885,0,3425,0,18,13,31
2020-21,206,61.135,Lal Bahadur Shastri Hospital,5,61,66,1,4,1,,0,0,160,34,0,194,0,0,0,0
2020-21,206,61.136,Land and Building Department,25,600,625,177,107,102,,0,0,3835,3904,0,7739,1,1,1,3
2020-21,206,61.137,Lok Nayak Hospital,0,448,448,12,18,12,,25,0,2585,6045,0,8630,0,1,1,2
2020-21,206,61.138,Lt. Governors Secretariat,11,1366,1377,631,185,14,,0,0,10440,180,0,10620,1,1,1,3
2020-21,206,61.139,Maharaja Agrasen College Delhi,51,37,88,0,2,2,,0,0,180,0,0,180,0,0,0,0
2020-21,206,61.140,Maharishi Valmiki Hospital,0,32,32,0,1,1,,0,0,70,0,0,70,0,0,0,0
2020-21,206,61.141,Maharshi Valmiki College of Education,0,2,2,1,0,0,,0,0,0,0,0,0,0,0,0,0
2020-21,206,61.142,Maulana Azad Institute of Dental Sciences,1,28,29,0,2,2,,0,0,220,0,0,220,0,0,0,0
2020-21,206,61.143,NCC Department,0,8,8,4,1,0,,0,0,0,0,0,0,0,3,1,4
2020-21,207,61.144,Nehru Homoeopathic Medical College and Hospital,9,23,32,0,1,1,,0,0,70,60,0,130,0,0,0,0
2020-21,207,61.145,Netaji Subhas Institute of Technology,263,111,374,0,0,0,,0,0,820,294,0,1114,0,0,0,0
2020-21,207,61.146,Principal Account Office,4,213,217,38,29,26,,0,0,1490,1520,0,3010,0,0,0,0
2020-21,207,61.147,Pt Madan Mohan Malviya Hospital,2,11,13,2,5,0,,0,0,100,0,0,100,1,1,1,3
2020-21,207,61.148,Public Grievance Commission,20,205,225,92,25,24,,0,0,1040,580,0,1620,1,1,1,3
2020-21,207,61.149,Public Works Department Delhi,8,227,235,0,26,26,,0,0,280,2580,0,2860,4,4,4,12
2020-21,207,61.150,Punjabi Academy Delhi,0,10,10,0,0,0,,0,0,50,30,0,80,0,0,0,0
2020-21,207,61.151,Rajya Sainik Board Delhi,0,29,29,6,0,0,,0,0,140,0,0,140,0,1,1,2
2020-21,207,61.152,Rao Tula Ram Memorial Hospital,1,39,40,0,6,4,,0,0,310,1972,0,2282,0,0,0,0
2020-21,207,61.153,Registrar Chit Fund,0,11,11,1,2,2,,0,0,100,0,0,100,0,0,0,0
2020-21,207,61.154,Revenue Department,0,9276,9276,9276,679,679,,0,0,45595,0,0,45595,0,0,0,0
2020-21,207,61.155,Sahitya Kala Parishad,0,13,13,0,0,0,,0,0,70,0,0,70,1,1,1,3
2020-21,207,61.156,Samajik Suvidha Sangam,0,6,6,0,0,0,,0,0,0,0,0,0,0,0,0,0
2020-21,207,61.157,Sanjay Gandhi Memorial Hospital,11,102,113,2,7,0,,18,0,370,0,0,370,1,1,1,3
2020-21,207,61.158,Sardar Vallabh Bhai Patel Hospital,3,29,32,0,2,2,,0,0,90,0,0,90,1,1,1,3
2020-21,208,61.159,Satyawadi Raja Harishchandra Hospital,0,36,36,0,1,1,,1,0,110,806,0,916,1,1,1,3
2020-21,208,61.160,Services Department,19,733,752,341,69,5,,195,0,790,430,0,1220,8,3,1,12
2020-21,208,61.161,Shaheed Rajguru College of Applied Sciences for Women,0,34,34,0,7,0,,0,0,0,0,0,0,0,0,0,0
2020-21,208,61.162,Shaheed Sukhdev College of Business Studies,0,12,12,0,0,0,,0,0,0,0,0,0,0,0,0,0
2020-21,208,61.163,Sindhi Academy,0,6,6,0,0,0,,0,0,20,0,0,20,1,1,1,3
2020-21,208,61.164,State Election Commission Delhi,0,131,131,22,3,3,,0,0,450,328,0,778,0,1,1,2
2020-21,208,61.165,Tourism Department Delhi,0,30,30,15,0,0,,0,0,100,0,0,100,0,0,0,0
2020-21,208,61.166,Transport Department Delhi,125,922,1047,0,102,0,,0,0,8670,1830,0,10500,1,34,15,50
2020-21,208,61.167,North Delhi Municipal Corporation Engineering Deptt,69,691,760,327,20,20,,0,0,585,1434,0,2019,0,0,0,0
2020-21,208,61.168,Ambedkar Institute of Technology,371,36,407,0,0,0,,0,0,0,0,0,0,1,1,1,3
2020-21,208,61.169,Ambedkar Institute of Advance Communication Technologies and Research,0,41,41,2,0,0,,0,0,360,0,0,360,0,1,1,2
2020-21,208,61.170,Kasturba Institute of Technology,340,7,347,0,8,0,,0,0,10,4,0,14,1,1,1,3
2020-21,208,61.171,Bhai Parmanand Institute of Business Studies,3,2,5,0,0,0,,0,0,0,0,0,0,0,0,0,0
2020-21,208,61.172,Delhi Dialogue & Development Commission,3,4,7,4,2,2,,0,0,0,0,0,0,0,1,1,2
2020-21,209,61.173,Deputy Apprenticeship Advisor,0,0,0,0,0,0,,0,0,0,0,0,0,0,1,1,2
2020-21,209,61.174,DFC (New Delhi & Chandigarh),1,8,9,0,0,0,,0,0,60,244,0,304,1,1,1,3
2020-21,209,61.175,Forensic Science Laboratory,30,129,159,23,13,13,,0,0,970,0,0,970,0,2,2,4
2020-21,209,61.176,G B Pant Institute of Technology,1,12,13,0,0,0,,0,0,30,0,0,30,1,1,1,3
2020-21,209,61.177,Guru Nanak Institute of Technology,0,15,15,0,2,2,,0,0,180,0,0,180,1,1,1,3
2020-21,209,61.178,Guru Teg Bahadur (GTB) Hospital,11,273,284,29,48,34,,0,0,1720,24,0,1744,0,0,0,0
2020-21,209,61.179,Indira Gandhi Delhi Technical University for Women (IGDTUW),0,33,33,0,0,0,,0,0,100,0,0,100,0,0,0,0
2020-21,209,61.180,Indraprastha Power Generation Co. Ltd. (GENCO),125,359,484,23,19,15,,2,0,3460,0,0,3460,1,3,0,4
2020-21,209,61.181,Meera Bai Institute of Technology,73,32,105,0,0,0,,0,0,10,0,0,10,1,1,1,3
2020-21,209,61.182,Office of the Minister (Sh. Rajendra Pal Gautam),0,53,53,53,0,0,,0,0,0,0,0,0,0,0,0,0
2020-21,209,61.183,Office of the Minister (Sh. Satyendar Jain),0,241,241,215,12,5,,3,0,1540,80,0,1620,0,0,0,0
2020-21,209,61.184,Pusa Institute of Technology,0,18,18,2,0,0,,0,0,0,0,0,0,0,0,0,0
2020-21,209,61.185,State Council of Educational Research and Training (SCERT),4,107,111,15,16,16,,0,0,390,30,0,420,0,0,0,0
2020-21,209,61.186,Weight & Measures Department,5,32,37,11,0,0,,0,0,70,0,0,70,0,0,0,0
2020-21,209,61.187,South Delhi Municipal Corporation Central Zone,77,2489,2566,57,229,228,,0,0,10430,222,0,10652,24,12,4,40
2020-21,210,61.188,South Delhi Municipal Corporation Education Department,0,135,135,36,14,14,,0,0,600,118,0,718,0,0,0,0
2020-21,210,61.189,South Delhi Municipal Corporation Engineering Deptt,0,571,571,461,0,0,,0,0,0,0,0,0,0,0,0,0
2020-21,210,61.190,South Delhi Municipal Corporation Finance Deptt,0,119,119,46,4,4,,1,0,100,0,0,100,0,0,0,0
2020-21,210,61.191,South Delhi Municipal Corporation Head Quarter,57,286,343,24,21,20,,1,0,1060,0,0,1060,0,0,0,0
2020-21,210,61.192,South Delhi Municipal Corporation Health Department,0,41,41,26,0,0,,0,0,60,0,0,60,0,0,0,0
2020-21,210,61.193,South Delhi Municipal Corporation Najafgarh Zone,2521,713,3234,20,0,0,,0,0,3360,2320,0,5680,0,0,0,0
2020-21,210,61.194,South Delhi Municipal Corporation West Zone,7,2006,2013,242,34,33,,0,0,18200,0,0,18200,17,1,1,19
2020-21,210,61.195,"Maithili Bhojpuri Academy, Delhi",0,6,6,0,0,0,,1,0,0,0,0,0,0,0,0,0
2020-21,210,61.196,Dr G G L S Prachya Vidya Pratishthan,0,2,2,0,0,0,,0,0,0,0,0,0,0,0,0,0
2020-21,210,61.197,Delhi Medical Council,1908,198,2106,11,21,16,,0,0,760,5148,0,5908,0,1,1,2
2020-21,210,61.198,CDMO Office (North),3,105,108,6,6,6,,0,0,30,0,0,30,1,0,0,1
2020-21,210,61.199,Keshav Mahavidyalaya,1,6,7,0,0,0,,0,0,10,0,0,10,1,1,1,3
2020-21,210,61.200,South Delhi Municipal Corporation Public Health Department,70,267,337,48,2,1,,0,0,300,0,0,300,1,1,1,3
2021-22,161,59.1,National Law University Delhi,4,55,59,0,1,1,56,0,0,190,0,0,190,0,0,0,0
2021-22,161,59.2,Bhaskaracharaya College of Applied Sciences,2,13,15,1,4,4,14,0,0,50,40,0,90,1,1,1,3
2021-22,161,59.3,Delhi State Legal Services Authority,9,511,520,26,28,28,453,7,0,590,1644,0,2234,2,13,0,15
2021-22,162,59.4,Ofifce of the Deputy Commissioner West,459,1204,1663,210,191,168,1255,0,0,2185,0,0,2185,0,0,0,0
2021-22,162,59.5,Ofifce of the Chief Electoral Ofifcer,912,980,1892,1374,56,48,490,0,0,1530,30,0,1560,82,82,12,176
2021-22,162,59.6,Ofifce of the Chief Minister Delhi,0,2413,2413,1995,251,251,322,96,0,20290,0,0,20290,1,1,1,3
2021-22,162,59.7,Ofifce of the Chief Secretary Delhi Ofifce of the Deputy Chief Minister [merged 1/2],0,26,26,54,7,2,71,0,0,0,60,0,60,0,1,1,2
2021-22,162,59.8,Ofifce of the Chief Secretary Delhi Ofifce of the Deputy Chief Minister [merged 2/2],4,398,402,281,7,6,103,0,0,2370,0,0,2370,0,1,1,2
2021-22,162,59.9,Ofifce of the Deputy Commissioner Central Ofifce of the Deputy Commissioner East [merged 1/2],0,32,32,632,8,0,0,0,0,450,0,0,450,0,0,0,0
2021-22,162,59.10,Ofifce of the Deputy Commissioner Central Ofifce of the Deputy Commissioner East [merged 2/2],7,614,621,599,69,63,0,0,0,2950,0,0,2950,0,0,0,0
2021-22,162,59.11,Ofifce of the Deputy Commissioner New Delhi,0,418,418,63,96,91,350,0,0,0,0,0,0,5,5,1,11
2021-22,162,59.12,Ofifce of the Deputy Commissioner North East,83,642,725,4,22,20,414,0,0,540,0,0,540,0,0,0,0
2021-22,162,59.13,Ofifce of the Deputy Commissioner North West,82,974,1056,425,165,104,607,0,0,2270,248,0,2518,3,5,1,9
2021-22,162,59.14,Ofifce of the Deputy Commissioner South West,769,716,1485,148,60,0,408,0,0,1165,0,0,1165,0,0,0,0
2021-22,162,59.15,Ofifce of the Lokayukta Delhi,0,30,30,3,3,3,24,0,0,180,0,0,180,0,0,0,0
2021-22,162,59.16,Ofifce of the Minister of Food and Civil Supplies,0,33,33,28,5,5,4,0,0,100,0,0,100,0,0,0,0
2021-22,162,59.17,Ofifce of the Minister of Transport Development GAD Employment and Labour,0,82,82,74,9,2,8,0,0,410,0,0,410,0,0,0,0
2021-22,162,59.18,Ofifce of the Minister of Transport Law and Election,0,231,231,184,17,17,47,0,0,935,0,0,935,0,0,0,0
2021-22,162,59.19,Dr. B.R. Ambedkar University Delhi,7,96,103,0,13,13,90,0,0,150,270,0,420,0,1,1,2
2021-22,163,59.20,Delhi Technological University Indira Gandhi Institute of Physical Edu­,4,151,155,0,20,20,148,1,0,400,0,0,400,1,1,1,3
2021-22,163,59.21,cation and Sports Sciences Food Supply and Consumers Affairs [merged 1/2],10,1717,1727,54,288,200,1183,4,0,2310,76,0,2386,0,0,1,1
2021-22,163,59.22,cation and Sports Sciences Food Supply and Consumers Affairs [merged 2/2],,,,,,,,,,,,,,,,,
2021-22,163,59.23,Drug Control Department,68,200,268,18,30,10,135,0,0,1180,330,0,1510,0,1,1,2
2021-22,163,59.24,Maulana Azad Medical College Urdu Academy Delhi [merged 1/2],66,162,228,21,10,10,183,13,0,950,126,0,1076,1,1,1,3
2021-22,163,59.25,Maulana Azad Medical College Urdu Academy Delhi [merged 2/2],0,40,40,7,0,0,20,0,0,20,55,0,57,0,0,0,0
2021-22,163,59.26,Planning Department,0,284,284,241,3,3,40,0,0,540,2,0,2,1,1,1,3
2021-22,163,59.27,Department of Social Welfare GNCT of Delhi,6,901,907,76,78,71,815,0,0,1890,380,0,2270,0,52,1,53
2021-22,163,59.28,Registrar Cooperative Society,373,1281,1654,143,1006,965,1403,0,0,13330,19372,0,32702,0,13,1,14
2021-22,163,59.29,Deptt. of Finance,0,854,854,202,0,0,652,0,0,750,0,0,750,0,0,0,0
2021-22,163,59.30,Delhi Electricity Regulatory Commission (DERC),44,426,470,17,41,41,438,0,0,1140,1,0,1254,1,1,1,3
2021-22,163,59.31,MCD,0,247,247,247,14,14,0,0,0,691,0,0,691,0,0,0,0
2021-22,163,59.32,NDMC,0,1693,1693,163,300,247,1101,0,0,13760,17842,0,31602,60,60,24,144
2021-22,163,59.33,Delhi Labour Welfare Board,0,62,62,49,15,0,7,0,0,390,0,0,390,1,0,1,2
2021-22,163,59.34,Information and Technology Department,5,129,134,38,0,0,78,0,0,630,0,0,630,1,1,1,3
2021-22,163,59.35,A and U Tibbia College and Hospital,282,29,311,1,9,2,12,0,0,150,602,0,752,0,1,1,2
2021-22,164,59.36,Acharayashree Bhikshu Government Hospital,1,41,42,0,2,2,42,0,0,175,0,0,175,1,1,1,3
2021-22,164,59.37,Acharya Narendra Dev College,0,18,18,0,0,0,15,3,0,60,0,0,60,2,1,1,4
2021-22,164,59.38,Administrative Reforms Department,0,185,185,73,12,10,109,0,0,970,256,0,1226,1,1,1,3
2021-22,164,59.39,"Art, Culture and Language Department Aruna Asaf Ali Government Hospital [merged 1/2]",0,0,0,6,2,8,4,0,0,0,0,0,0,0,0,0,0
2021-22,164,59.40,"Art, Culture and Language Department Aruna Asaf Ali Government Hospital [merged 2/2]",58,63,121,2,6,6,45,0,0,330,1572,0,1902,0,0,0,0
2021-22,164,59.41,Aryabhat Institute of Technology Department of Women and Child Devel­ opment [merged 1/2],1,16,17,0,0,0,14,119,0,160,0,0,160,0,0,0,0
2021-22,164,59.42,Aryabhat Institute of Technology Department of Women and Child Devel­ opment [merged 2/2],7,832,839,244,70,47,381,0,0,1185,1302,0,2487,0,0,0,0
2021-22,164,59.43,Attar Sain Jain Eye and General Hospital,0,15,15,0,0,0,15,0,0,110,53,0,163,0,1,1,2
2021-22,164,59.44,Babu Jagjivan Ram Memorial Hospital,0,79,79,0,18,13,65,14,0,310,40,0,350,0,0,0,0
2021-22,164,59.45,Bhagini Nivedita College,188,15,203,0,9,1,0,0,0,40,310,0,350,0,0,0,0
2021-22,164,59.46,Bhagwan Mahavir Hospital,0,40,40,0,0,0,37,2,0,345,148,0,493,1,1,1,3
2021-22,164,59.47,Bhim Rao Ambedkar College,151,16,167,0,1,0,0,0,0,30,10,0,40,0,0,1,1
2021-22,164,59.48,Delhi Jal Board,2678,1853,4531,96,441,245,3553,9,0,11240,16316,0,27556,123,80,24,227
2021-22,164,59.49,Board of Homoeopathic System of Medi­ cine Delhi,2,13,15,0,0,0,10,0,0,10,0,0,10,0,0,0,0
2021-22,164,59.50,Board of Technical Education,37,84,121,5,6,6,116,0,0,620,264,0,884,1,1,1,3
2021-22,164,59.51,Central Jail Tihar,1,730,731,150,102,96,581,0,0,1610,880,0,2490,18,19,1,38
2021-22,165,59.52,Chacha Nehru Bal Chikitsalaya,0,45,45,0,7,7,45,0,0,105,10,0,115,0,0,0,0
2021-22,165,59.53,College of Art Commission for OBC [merged 1/2],0,1,1,0,2,2,1,0,0,0,0,0,50,0,1,1,2
2021-22,165,59.54,College of Art Commission for OBC [merged 2/2],,10,10,7,1,1,3,,,60,0,0,60,0,1,,
2021-22,165,59.55,Deen Dayal Upadhyay Hospital,0,243,243,0,12,12,241,2,0,800,1210,0,2010,1,1,1,3
2021-22,165,59.56,Deen Dayal Upadhyaya College Delhi Agricultural Marketing Board [merged 1/2],2,30,32,2,5,0,24,5,0,30,0,0,30,2,1,1,4
2021-22,165,59.57,Deen Dayal Upadhyaya College Delhi Agricultural Marketing Board [merged 2/2],18,34,36,68,30,28,28,1,0,140,83,0,223,14,14,2,30
2021-22,165,59.58,Delhi Bharatiya Chikitsa Parishad,0,6,4,0,0,0,8,0,0,0,0,0,0,0,0,0,0
2021-22,165,59.59,Delhi Co Operative Housing Finance Corporation Limited,4,60,64,7,6,5,48,5,0,360,0,0,360,1,1,1,3
2021-22,165,59.60,Delhi Commission for Safai Karamcharis,8,40,48,36,5,5,12,0,0,50,0,0,50,0,0,0,0
2021-22,165,59.61,Delhi Commission for Women,29,445,474,67,46,29,395,0,0,3905,2808,0,6713,1,1,1,3
2021-22,165,59.62,Delhi Consumers Cooperative Wholesale Store Limited,0,5,5,0,4,4,5,0,0,40,,0,40,0,0,0,0
2021-22,165,59.63,Delhi Dental Council,7,26,33,11,0,0,21,0,0,12,0,0,12,1,1,1,3
2021-22,165,59.64,Delhi Fire Services,75,558,633,10,96,40,607,0,0,3635,2056,0,5691,0,8,1,9
2021-22,165,59.65,Delhi Institute of Hotel Management and Catering Technology,0,8,8,0,0,0,8,0,0,0,0,0,0,0,0,0,0
2021-22,165,59.66,Delhi Institute of Pharmaceutical Sciences and Research,1,30,31,0,3,2,27,0,0,310,0,0,310,1,1,1,3
2021-22,165,59.67,Delhi Khadi and Village Industries Board,0,20,20,0,2,2,20,0,0,90,0,0,90,1,1,0,2
2021-22,166,59.68,Delhi Legislative Assembly Secretariat,576,264,840,70,15,12,131,0,0,960,736,0,1696,1,1,1,3
2021-22,166,59.69,Delhi Minorities Commission,12,93,105,9,0,0,95,0,0,520,0,0,520,1,1,0,2
2021-22,166,59.70,Delhi Nursing Council,129,53,182,3,4,0,0,0,0,310,0,0,310,0,0,0,0
2021-22,166,59.71,Delhi Pharmacy Council Delhi Pollution Control Committee [merged 1/2],0,9,9,8,155,105,4,0,0,0,362,0,8,0,0,0,0
2021-22,166,59.72,Delhi Pharmacy Council Delhi Pollution Control Committee [merged 2/2],29,291,320,,,,294,0,,1370,,,1732,,,0,0
2021-22,166,59.73,Delhi Sanskrit Academy Delhi SC ST OBC Minority Handicapped Finance and Dev Corp [merged 1/2],0,10,10,0,0,0,9,0,0,10,0,0,10,0,0,0,0
2021-22,166,59.74,Delhi Sanskrit Academy Delhi SC ST OBC Minority Handicapped Finance and Dev Corp [merged 2/2],0,16,16,0,0,0,16,0,0,50,0,0,50,0,0,0,0
2021-22,166,59.75,Delhi State AIDS Control Society,224,47,271,1,5,1,29,0,0,130,0,0,130,1,0,1,2
2021-22,166,59.76,Delhi State Civil Supplies Corporation Limited,0,28,28,4,3,3,24,0,0,110,162,0,272,0,1,1,2
2021-22,166,59.77,Delhi State Haj Committee,0,8,8,0,0,0,8,0,0,40,0,0,40,0,0,0,0
2021-22,166,59.78,Delhi State Industrial and Infrastructure Development Corporation Limited,23,456,479,38,45,45,436,1,0,2870,600,0,3470,0,0,0,0
2021-22,166,59.79,Delhi Subordinate Services Selection Board,295,8610,8905,363,1591,1482,8109,56,0,0,0,0,0,0,14,2,16
2021-22,166,59.80,Delhi Tourism and Transporation Devel­ opment Corporation Limited,220,130,350,22,34,23,69,0,0,880,370,0,1250,0,12,1,13
2021-22,166,59.81,Delhi Transco Limited,0,217,217,0,50,50,217,0,0,1040,2768,0,3808,1,4,4,9
2021-22,166,59.82,Delhi Transport Corporation,37,1016,1053,154,363,239,339,0,0,8660,1664,0,10324,0,0,0,0
2021-22,166,59.83,Delhi Wakf Board,76,378,454,53,79,61,368,8,0,2320,116,0,2436,0,0,1,1
2021-22,167,59.84,"Department for the Welfare of SC, ST, OBC and Minorities",85,381,466,70,36,32,347,4,0,1750,0,0,1750,1,1,1,3
2021-22,167,59.85,Department of Archaeology Department of Delhi Archives [merged 1/2],17,2,2,7,2,2,0,0,0,0,0,0,50,0,0,0,0
2021-22,167,59.86,Department of Archaeology Department of Delhi Archives [merged 2/2],,159,176,1,,,156,,,1148,2978,,4126,,,,
2021-22,167,59.87,Department of Environment,14,132,146,81,20,0,0,0,0,910,0,0,910,0,1,1,2
2021-22,167,59.88,Department of Food Safety Department of Forest and Wild Life [merged 1/2],5,163,168,67,18,10,85,11,0,1150,10,0,1160,1,17,1,19
2021-22,167,59.89,Department of Food Safety Department of Forest and Wild Life [merged 2/2],73,49,56,22,55,28,34,0,0,220,110,0,330,0,5,1,6
2021-22,167,59.90,Department of Industries,0,4,7,0,7,6,2,5,0,5,0,0,5,0,9,1,10
2021-22,167,59.91,"Department of Law, Justice and Legisla­ tive Affairs",87,338,425,225,51,51,53,9,0,0,0,0,0,1,1,1,3
2021-22,167,59.92,Department of Power,0,670,670,176,50,50,494,0,0,535,194,0,729,0,3,1,4
2021-22,167,59.93,Department of Trade and Taxes,4,128,132,6,41,38,107,2,0,1020,0,0,1020,154,1,1,156
2021-22,167,59.94,Department of Training and Technical Education,0,482,482,75,93,66,407,0,0,550,14,0,2000,0,0,0,0
2021-22,167,59.95,Department of Urban Development,11,162,163,74,54,54,88,0,0,219,918,0,113,0,11,2,13
2021-22,167,59.96,Development Department,3,627,630,408,55,42,174,39,0,710,710,0,1420,0,0,0,0
2021-22,167,59.97,Directorate General of Home Guards GNCTD,93,77,170,0,5,1,57,0,0,270,200,0,470,4,1,1,6
2021-22,167,59.98,Directorate of Agricultural Marketing,0,14,14,7,1,1,7,0,0,70,0,0,70,0,1,1,2
2021-22,167,59.99,Directorate of Audit,0,33,33,4,3,2,18,8,0,80,40,0,120,1,1,1,3
2021-22,168,59.100,Directorate of Education,593,21773,22366,5632,1639,967,14922,970,0,37829,13685,0,51514,44,44,8,96
2021-22,168,59.101,Directorate of Employment,0,148,148,115,0,0,29,0,0,130,0,0,130,1,1,1,3
2021-22,168,59.102,Directorate of Family Welfare,6,389,395,123,0,0,256,0,0,110,0,0,110,1,1,1,3
2021-22,168,59.103,Directorate of Gurudwara Election Directorate of Health Services Head Quarter [merged 1/2],0,7,7,1,1,1,6,0,0,70,84,0,54,1,1,1,3
2021-22,168,59.104,Directorate of Gurudwara Election Directorate of Health Services Head Quarter [merged 2/2],9020,8547,17567,2362,250,250,2467,0,0,3930,920,0,4850,1,23,1,25
2021-22,168,59.105,Directorate of Higher Education Directorate of Ayush [merged 1/2],0,150,150,108,5,5,38,0,0,40,0,0,40,0,0,0,0
2021-22,168,59.106,Directorate of Higher Education Directorate of Ayush [merged 2/2],363,118,481,17,3,3,69,0,0,180,190,0,370,2,2,1,5
2021-22,168,59.107,Directorate of Information and Publicity,0,314,314,9,27,25,304,0,0,160,0,0,160,0,2,2,4
2021-22,168,59.108,Directorate of Prohibition,0,6,6,0,0,0,3,3,0,0,0,0,0,0,0,0,0
2021-22,168,59.109,Directorate of Prosecution Delhi,0,142,142,38,11,11,104,0,0,250,0,0,250,5,1,1,7
2021-22,168,59.110,Directorate of Small Savings and Lotteries,1,6,7,2,2,2,5,0,0,10,0,0,10,1,1,1,3
2021-22,168,59.111,Directorate of Training UTCS,0,6,6,3,0,0,3,0,0,0,0,0,0,1,1,1,3
2021-22,168,59.112,Directorate of Vigilance and Anti Cor­ ruption,21,470,491,148,83,18,319,10,0,1440,362,0,1802,0,9,2,11
2021-22,168,59.113,Dr. B.R. Sur Homoeopathic Medical Col­ lege and Hospital,62,14,76,1,0,0,11,0,0,100,250,0,350,1,1,1,3
2021-22,168,59.114,Dr. Baba Saheb Ambedkar Hospital,20,127,147,3,2,2,142,0,0,820,300,0,1120,1,1,1,3
2021-22,168,59.115,Dr. Hedgewar Arogya Sansthan,9,93,102,7,20,20,93,0,0,850,2684,0,3534,1,1210,1,1212
2021-22,169,59.116,Dr. N.C. Joshi Memorial Hospital,2,19,21,0,2,2,20,0,0,195,0,0,195,0,0,0,0
2021-22,169,59.117,Dte. of Economics and Statistics East Delhi Municipal Corporation Engineering Deptt [merged 1/2],1457,6,0,1,0,0,8,0,0,0,0,0,0,0,0,0,0
2021-22,169,59.118,Dte. of Economics and Statistics East Delhi Municipal Corporation Engineering Deptt [merged 2/2],,808,2265,18,,,130,,,0,,,0,,,,
2021-22,169,59.119,East Delhi Municipal Corporation HQ,0,1500,1500,1500,0,0,0,0,0,2230,0,0,2230,0,0,0,0
2021-22,169,59.120,Excise Entertainment and Luxury Tax G.B. Pant Hospital [merged 1/2],0,271,271,0,30,26,271,13,0,0,0,0,0,0,0,0,0
2021-22,169,59.121,Excise Entertainment and Luxury Tax G.B. Pant Hospital [merged 2/2],17,13,30,27,0,0,17,0,0,39,0,0,39,1,1,0,2
2021-22,169,59.122,General Administration Department,4,1,5,265,49,48,451,0,0,0,0,0,0,1,1,1,3
2021-22,169,59.123,Guru Gobind Singh Government Hospital,4,43,47,0,2,2,43,0,0,150,0,0,150,1,1,1,3
2021-22,169,59.124,Guru Gobind Singh Indraprastha University,27,329,356,19,61,61,336,1,0,1140,1502,0,2642,0,1,0,1
2021-22,169,59.125,Guru Nanak Eye Centre,4,28,32,0,4,3,32,0,0,100,86,0,186,0,1,1,2
2021-22,169,59.126,Health and Family Welfare Department,0,3449,3449,3311,190,176,38,0,0,12610,6,0,13220,0,10,1,11
2021-22,169,59.127,Hindi Academy Delhi,0,12,12,0,0,0,12,0,0,10,0,0,10,0,0,0,0
2021-22,169,59.128,Home Department GNCTD,6,596,602,484,25,25,105,0,0,2470,1958,0,4428,8,5,3,16
2021-22,169,59.129,Institute of Human Behaviour and Allied Sciences,5,277,282,2,73,68,257,3,0,1940,408,0,2348,0,0,0,0
2021-22,169,59.130,Irrigation and Flood Control Department,132,1743,1875,32,242,172,1612,0,0,2095,27233,0,29328,0,26,5,31
2021-22,169,59.131,Jag Pravesh Chandra Hospital,9,55,64,2,6,6,59,0,0,475,0,0,475,1,1,1,3
2021-22,170,59.132,Labour Department Delhi,344,1173,1517,89,188,135,1100,0,0,2980,120,0,3100,0,18,13,31
2021-22,170,59.133,Lal Bahadur Shastri Hospital,4,93,97,0,14,12,63,0,0,210,534,0,744,0,0,0,0
2021-22,170,59.134,Land and Building Department,45,689,734,247,104,95,485,0,0,3435,3602,0,7037,6,4,1,11
2021-22,170,59.135,Lok Nayak Hospital Lt. Governors Secretariat [merged 1/2],7,77,34,4,9,9,16,0,0,30,0,0,30,0,1,1,2
2021-22,170,59.136,Lok Nayak Hospital Lt. Governors Secretariat [merged 2/2],21,1685,1706,841,181,12,849,0,0,12990,110,0,13100,1,1,1,3
2021-22,170,59.137,Maharaja Agrasen College Delhi Maharishi Valmiki Hospital [merged 1/2],62,26,88,0,3,0,17,0,0,50,0,0,50,0,0,0,0
2021-22,170,59.138,Maharaja Agrasen College Delhi Maharishi Valmiki Hospital [merged 2/2],0,31,31,0,4,4,31,0,0,90,0,0,90,0,0,0,0
2021-22,170,59.139,Maharshi Valmiki College of Education,0,8,8,1,0,0,2,0,0,30,0,0,30,0,0,0,0
2021-22,170,59.140,Maulana Azad Institute of Dental Sciences,1,28,29,0,4,4,28,0,0,210,0,0,210,0,0,0,0
2021-22,170,59.141,NCC Department,1,11,12,4,2,2,7,1,0,0,0,0,0,0,3,1,4
2021-22,170,59.142,Nehru Homoeopathic Medical College and Hospital,0,24,24,0,3,3,21,1,0,50,50,0,100,0,0,0,0
2021-22,170,59.143,Netaji Subhas Institute of Technology,374,316,690,0,0,0,0,0,0,2470,1906,0,4376,0,0,0,0
2021-22,170,59.144,Principal Account Ofifce,5,335,340,40,29,26,286,0,0,1369,140,0,1509,0,0,0,0
2021-22,170,59.145,Pt Madan Mohan Malviya Hospital,4,26,30,1,11,7,26,2,0,210,0,0,210,1,1,1,3
2021-22,170,59.146,Public Grievance Commission,10,177,187,108,35,35,77,0,0,1140,1774,0,2914,1,0,1,2
2021-22,170,59.147,Public Works Department Delhi,65,1444,1509,741,23,19,748,10,0,3940,0,0,3940,123,123,42,288
2021-22,171,59.148,Punjabi Academy Delhi,0,22,22,1,0,0,18,0,0,20,0,0,20,0,0,0,0
2021-22,171,59.149,Rajya Sainik Board Delhi Rao Tula Ram Memorial Hospital [merged 1/2],2,50,52,0,5,5,47,0,0,0,1730,0,0,0,0,0,0
2021-22,171,59.150,Rajya Sainik Board Delhi Rao Tula Ram Memorial Hospital [merged 2/2],,,,,,,,,,450,,,2180,,,,
2021-22,171,59.151,Registrar Chit Fund,0,5,5,2,0,0,3,0,0,30,160,0,190,0,0,0,0
2021-22,171,59.152,Revenue Department Sahitya Kala Parishad [merged 1/2],0,6492,6492,6492,786,786,0,0,0,27075,46,0,27121,0,107,12,119
2021-22,171,59.153,Revenue Department Sahitya Kala Parishad [merged 2/2],0,7,7,2,1,0,5,0,0,10,0,0,10,1,1,1,3
2021-22,171,59.154,Sanjay Gandhi Memorial Hospital,7,89,96,3,13,4,67,22,0,380,0,0,380,1,1,1,3
2021-22,171,59.155,Sardar Vallabh Bhai Patel Hospital,2,31,33,3,3,2,28,0,0,205,54,0,259,1,1,1,3
2021-22,171,59.156,Satyawadi Raja Harishchandra Hospital,0,52,52,0,2,2,51,0,0,130,0,0,130,1,1,1,3
2021-22,171,59.157,Services Department,1,1498,1499,672,79,0,301,0,0,650,1970,0,2620,8,3,1,12
2021-22,171,59.158,Shaheed Rajguru College of Applied Sci­ ences for Women,0,38,38,0,9,9,38,0,0,0,,0,0,0,0,0,0
2021-22,171,59.159,Shaheed Sukhdev College of Business Studies,1,17,18,0,0,0,18,0,0,10,0,0,10,0,0,0,0
2021-22,171,59.160,Sindhi Academy,0,7,7,0,0,0,7,0,0,0,0,0,0,1,1,1,3
2021-22,171,59.161,State Election Commission Delhi,0,156,156,29,4,4,127,0,0,750,0,0,750,0,0,0,0
2021-22,171,59.162,Tourism Department Delhi,0,21,21,7,1,1,14,0,0,150,28,0,178,0,0,0,0
2021-22,171,59.163,Transport Department Delhi,77,1187,1264,420,191,69,681,0,0,7770,1860,0,9630,1,38,15,54
2021-22,172,59.164,North Delhi Municipal Corporation Engineering Deptt,43,771,814,443,34,34,344,3,0,630,40,0,670,0,0,0,0
2021-22,172,59.165,Ambedkar Institute of Technology,389,21,410,0,0,0,21,0,0,0,0,0,0,0,0,0,0
2021-22,172,59.166,Ambedkar Institute of Advance Commu­ nication Technologies and Research Kasturba Institute of Technology Bhai Parmanand Institute of Business [merged 1/2],4,4,8,0,0,0,8,0,0,40,334,0,374,0,1,1,2
2021-22,172,59.167,Ambedkar Institute of Advance Commu­ nication Technologies and Research Kasturba Institute of Technology Bhai Parmanand Institute of Business [merged 2/2],347,4,351,0,9,0,0,0,0,0,0,0,0,1,1,1,3
2021-22,172,59.168,Studies Delhi Dialogue & Development Com­ mission Deputy Apprenticeship Advisor [merged 1/3],0,4,4,0,0,0,7,0,0,0,0,0,0,0,0,0,0
2021-22,172,59.169,Studies Delhi Dialogue & Development Com­ mission Deputy Apprenticeship Advisor [merged 2/3],0,19,19,8,5,3,11,0,0,0,0,0,0,1,0,0,0
2021-22,172,59.170,Studies Delhi Dialogue & Development Com­ mission Deputy Apprenticeship Advisor [merged 3/3],0,0,0,0,0,0,0,0,0,0,0,0,0,,1,1,3
2021-22,172,59.171,DFC (New Delhi & Chandigarh),0,7,7,0,1,1,6,0,0,70,12,0,82,1,1,1,3
2021-22,172,59.172,Forensic Science Laboratory,27,113,140,16,21,21,97,0,0,890,478,0,1368,0,2,2,4
2021-22,172,59.173,G B Pant Institute of Technology,0,15,15,1,0,0,14,0,0,0,0,0,0,1,1,1,3
2021-22,172,59.174,Guru Nanak Institute of Technology,5,11,16,0,2,2,8,0,0,80,30,0,110,1,1,1,3
2021-22,172,59.175,Guru Teg Bahadur (GTB) Hospital,8,357,365,17,64,46,334,0,0,2040,134,0,2174,0,1,1,2
2021-22,172,59.176,Indira Gandhi Delhi Technical University for Women (IGDTUW),6,81,87,2,3,3,68,1,0,490,0,0,490,0,0,0,0
2021-22,172,59.177,Indraprastha Power Generation Co. Ltd. (GENCO),0,156,156,16,8,0,123,11,0,970,0,0,970,1,3,1,5
2021-22,172,59.178,Meera Bai Institute of Technology,89,18,107,0,0,0,11,0,0,30,0,0,30,1,1,1,3
2021-22,172,59.179,Ofifce of the Minister (Sh. Rajendra Pal Gautam),0,56,56,56,0,0,0,0,0,0,0,0,0,0,0,0,0
2021-22,173,59.180,Ofifce of the Minister (Sh. Satyendar Jain),1,423,424,375,26,3,49,0,0,1700,0,0,1700,1,1,1,3
2021-22,173,59.181,Pusa Institute of Technology State Council of Educational Research and Training (SCERT) [merged 1/2],1,9,0,0,0,0,0,0,0,0,0,0,0,1,1,1,3
2021-22,173,59.182,Pusa Institute of Technology State Council of Educational Research and Training (SCERT) [merged 2/2],0,71,71,1,6,6,52,0,0,125,1962,0,2087,1,1,1,3
2021-22,173,59.183,Weight & Measures Department,3,15,18,2,0,0,16,0,0,50,0,0,50,0,0,0,0
2021-22,173,59.184,South Delhi Municipal Corporation Central Zone South Delhi Municipal Corporation [merged 1/2],25,2707,2732,51,210,208,2640,0,0,12600,0,0,12600,24,12,4,40
2021-22,173,59.185,South Delhi Municipal Corporation Central Zone South Delhi Municipal Corporation [merged 2/2],0,19,19,6,1,1,13,0,0,73,5,0,78,0,0,0,0
2021-22,173,59.186,Education Department South Delhi Municipal Corporation Engineering Deptt,0,9,9,2,4,4,7,39,0,0,6,0,6,0,0,0,0
2021-22,173,59.187,South Delhi Municipal Corporation Finance Deptt,0,132,132,48,0,0,84,0,0,100,0,0,100,0,0,0,0
2021-22,173,59.188,South Delhi Municipal Corporation Head Quarter,119,376,495,110,14,14,266,0,0,605,0,0,605,0,0,0,0
2021-22,173,59.189,South Delhi Municipal Corporation Health Department,0,161,161,67,1,1,36,0,0,180,540,0,720,0,0,0,0
2021-22,173,59.190,South Delhi Municipal Corporation Najafgarh Zone,3214,695,3909,21,50,0,0,0,0,3010,2949,0,5959,0,0,0,0
2021-22,173,59.191,South Delhi Municipal Corporation West Zone,3,22,22,3,1,1,17,1,,13,,,13,,1,,2
2021-22,173,59.192,"Maithili Bhojpuri Academy, Delhi",0,4,4,0,0,0,4,0,0,0,0,0,0,0,0,0,0
2021-22,173,59.193,Dr G G L S Prachya Vidya Pratishthan,0,3,3,0,0,0,3,0,0,0,0,0,0,0,0,0,0
2021-22,173,59.194,Delhi Medical Council,1964,248,2212,13,15,10,163,0,0,960,2446,0,3406,0,1,1,2
2021-22,173,59.195,CDMO Ofifce (North),4,130,134,12,17,17,115,0,0,180,0,0,180,1,1,0,2
2021-22,174,59.196,Keshav Mahavidyalaya,0,14,14,0,0,0,14,0,0,10,0,0,10,1,1,1,3
2021-22,174,59.197,South Delhi Municipal Corporation Public Health Department,183,425,608,75,12,11,165,0,0,650,55,0,705,1,1,1,3
2022-23,160,59.1,National Law University Delhi,3,45,48,0,2,1,47,0,0,210,0,0,210,0,0,0,0
2022-23,160,59.2,Bhaskaracharaya College of Applied Sciences,0,35,35,0,2,2,34,0,0,70,0,0,70,1,1,1,3
2022-23,160,59.3,Delhi State Legal Services Authority,34,738,772,60,40,24,602,13,0,900,1362,0,2262,2,13,1,16
2022-23,160,59.4,Ofifce of the Deputy Commissioner West,198,1538,1736,284,64,20,1415,0,0,1980,0,0,1980,0,0,0,0
2022-23,160,59.5,Ofifce of the Chief Electoral Ofifcer,28,1208,1236,641,83,35,473,14,0,710,10,0,720,82,82,12,176
2022-23,160,59.6,Ofifce of the Chief Minister Delhi,0,1954,1954,1533,244,244,395,0,0,16420,148,0,16568,1,1,1,3
2022-23,160,59.7,Ofifce of the Chief Secretary Delhi,1,1111,1112,1001,70,68,110,1,0,7065,50,0,7115,0,1,1,2
2022-23,160,59.8,Ofifce of the Deputy Chief Minister,18,406,424,292,11,11,132,0,0,3010,0,0,3010,1,1,1,3
2022-23,160,59.9,Ofifce of the Deputy Commissioner Central,0,1284,1284,618,36,0,0,0,0,2980,0,0,2980,0,0,0,0
2022-23,160,59.10,Ofifce of the Deputy Commissioner New Delhi,5,423,428,23,81,78,393,0,0,810,0,0,810,0,0,0,0
2022-23,160,59.11,Ofifce of the Deputy Commissioner North,156,2360,2516,217,292,292,2142,1,0,10530,0,0,10530,0,0,0,0
2022-23,160,59.12,Ofifce of the Deputy Commissioner North East,307,852,1159,8,2,0,802,0,0,880,0,0,880,0,0,0,0
2022-23,160,59.13,Ofifce of the Deputy Commissioner North West,24,1245,1269,328,120,99,922,0,0,2940,11296,0,14236,6,3,1,10
2022-23,161,59.14,Ofifce of the Deputy Commissioner South,95,1506,1601,485,88,27,1007,0,0,0,0,0,0,0,0,0,0
2022-23,161,59.15,Ofifce of the Deputy Commissioner South West,929,952,1881,148,94,82,1077,0,0,2820,0,0,2820,0,0,0,0
2022-23,161,59.16,Ofifce of the Lokayukta Delhi,3,28,31,10,3,3,21,0,0,130,0,0,130,0,0,0,0
2022-23,161,59.17,Ofifce of the Minister of Food and Civil Supplies,1,37,38,26,6,5,11,0,0,80,24,0,104,0,0,0,0
2022-23,161,59.18,Ofifce of the Minister of Transport Development GAD Employment and Labour,0,72,72,59,1,1,12,0,0,370,0,0,370,0,0,0,0
2022-23,161,59.19,Ofifce of the Minister of Transport Law and Election,0,174,174,141,20,20,33,0,0,1040,0,0,1040,0,1,1,2
2022-23,161,59.20,Dr. B.R. Ambedkar University Delhi,13,118,131,0,26,13,111,0,0,300,0,0,300,0,1,1,2
2022-23,161,59.21,Delhi Technological University,6,171,177,6,31,31,171,0,0,370,100,0,470,1,1,1,3
2022-23,161,59.22,Indira Gandhi Institute of Physical Education and Sports Sciences,0,38,38,0,0,0,38,0,0,40,0,0,40,0,0,0,0
2022-23,161,59.23,Drug Control Department,115,129,244,16,32,12,107,0,0,970,0,0,970,2,1,1,4
2022-23,161,59.24,Maulana Azad Medical College,24,175,199,19,0,0,163,0,0,780,58,0,838,1,1,1,3
2022-23,161,59.25,Urdu Academy Delhi,0,37,37,7,2,0,17,7,0,110,0,0,110,0,0,0,0
2022-23,161,59.26,Planning Department,3,159,162,92,8,8,68,0,0,590,0,0,590,1,1,1,3
2022-23,161,59.27,Department of Social Welfare GNCT of Delhi,16,964,980,85,145,125,888,0,0,1820,1030,0,2850,0,54,1,55
2022-23,161,59.28,Registrar Cooperative Society,108,1282,1390,106,368,310,999,0,0,12880,16399,0,29279,0,0,0,0
2022-23,161,59.29,Deptt. of Finance,0,447,447,243,13,9,127,77,0,680,0,0,680,0,0,0,0
2022-23,161,59.30,Delhi Electricity Regulatory Commission (DERC),15,506,521,37,40,34,433,0,0,910,378,0,1288,1,1,1,3
2022-23,162,59.31,MCD,0,9164,9164,9164,0,0,0,0,0,17460,0,0,17460,0,0,0,0
2022-23,162,59.32,NDMC,429,1519,1948,125,271,187,1677,0,0,13420,4086,0,17506,60,40,24,124
2022-23,162,59.33,Delhi Labour Welfare Board,6,65,71,52,23,0,19,0,0,560,0,0,560,0,1,1,2
2022-23,162,59.34,Information and Technology Department,18,136,154,43,5,5,107,0,0,520,0,0,520,1,2,2,5
2022-23,162,59.35,A and U Tibbia College and Hospital,298,24,322,1,9,1,0,0,0,180,0,0,180,0,1,1,2
2022-23,162,59.36,Acharayashree Bhikshu Government Hospital,0,38,38,0,1,1,36,0,0,140,0,0,140,1,1,1,3
2022-23,162,59.37,Acharya Narendra Dev College,0,29,29,0,1,1,23,6,0,10,31,0,41,2,1,1,4
2022-23,162,59.38,Administrative Reforms Department,3,180,183,53,16,5,123,7,0,790,0,0,790,0,1,1,2
2022-23,162,59.39,"Art, Culture and Language Department",0,55,55,28,6,6,27,0,0,50,0,0,50,0,0,0,0
2022-23,162,59.40,Aruna Asaf Ali Government Hospital,74,92,166,1,15,15,88,0,0,530,0,0,530,0,0,0,0
2022-23,162,59.41,Aryabhat Institute of Technology,3,11,14,0,2,2,13,0,0,10,0,0,10,0,0,0,0
2022-23,162,59.42,Department of Women and Child Development,95,950,1045,257,161,158,706,15,0,1170,694,0,1864,0,0,0,0
2022-23,162,59.43,Attar Sain Jain Eye and General Hospital,0,20,20,0,2,1,20,0,0,120,0,0,120,0,1,1,2
2022-23,162,59.44,Babu Jagjivan Ram Memorial Hospital,0,9,9,0,1,1,8,4,0,49,0,0,49,0,0,0,0
2022-23,162,59.45,Bhagini Nivedita College,203,66,269,0,8,0,44,0,0,440,0,0,440,0,1,1,2
2022-23,162,59.46,Bhagwan Mahavir Hospital,1,62,63,1,0,0,54,0,0,680,18,0,698,1,1,1,3
2022-23,162,59.47,Bhim Rao Ambedkar College,167,46,213,0,3,0,8,0,0,0,0,0,0,0,0,1,1
2022-23,162,59.48,Delhi Jal Board,873,1898,2771,32,365,360,1997,0,0,7450,930,0,8380,0,180,62,242
2022-23,162,59.49,Board of Homoeopathic System of Medicine Delhi,5,20,25,1,0,0,2,0,0,68,50,0,118,0,0,0,0
2022-23,162,59.50,Central Jail Tihar,0,611,611,47,77,77,564,0,0,3220,3740,0,6960,0,0,0,0
2022-23,163,59.51,Chacha Nehru Bal Chikitsalaya,0,44,44,0,1,1,44,0,0,140,0,0,140,0,0,0,0
2022-23,163,59.52,College of Art,0,60,60,0,10,10,54,0,0,340,0,0,340,0,1,1,2
2022-23,163,59.53,Commission for OBC,0,41,41,21,0,0,19,0,0,130,0,0,130,0,1,1,2
2022-23,163,59.54,Deen Dayal Upadhyay Hospital,0,181,181,0,8,8,96,0,1,640,1255,1,1896,0,0,0,0
2022-23,163,59.55,Deen Dayal Upadhyaya College,1,56,57,5,3,0,49,3,0,20,299,0,319,2,1,1,4
2022-23,163,59.56,Delhi Agricultural Marketing Board,7,338,345,72,37,24,265,2,0,1040,4380,0,5420,14,14,2,30
2022-23,163,59.57,Delhi Bharatiya Chikitsa Parishad,2,15,17,1,0,0,16,0,0,100,0,0,100,0,1,0,1
2022-23,163,59.58,Delhi Co Operative Housing Finance Corporation Limited,4,35,39,3,5,2,30,4,0,200,0,0,200,1,1,1,3
2022-23,163,59.59,Delhi Commission for Safai Karamcharis,0,67,67,28,16,16,39,0,0,0,0,0,0,0,1,1,2
2022-23,163,59.60,Delhi Commission for Women,12,569,581,87,44,23,492,0,0,4910,4898,0,9808,1,1,1,3
2022-23,163,59.61,Delhi Consumers Cooperative Wholesale Store Limited,0,17,17,0,1,0,15,0,0,60,0,0,60,0,1,1,2
2022-23,163,59.62,Delhi Dental Council,1,36,37,0,0,0,37,0,0,20,0,0,20,1,1,0,2
2022-23,163,59.63,Delhi Fire Services,16,932,948,22,130,17,842,0,0,6005,160,0,6165,0,8,1,9
2022-23,163,59.64,Delhi Institute of Hotel Management and Catering Technology,0,4,4,0,1,1,4,0,0,0,0,0,0,0,0,0,0
2022-23,163,59.65,Delhi Institute of Pharmaceutical Sciences and Research,4,77,81,1,14,12,73,0,0,640,0,0,640,1,1,1,3
2022-23,163,59.66,Delhi Khadi and Village Industries Board,0,20,20,0,6,6,20,0,0,30,0,0,30,1,1,1,3
2022-23,163,59.67,Delhi Legislative Assembly Secretariat,639,243,882,45,16,13,106,0,0,960,1166,0,2126,1,1,1,3
2022-23,163,59.68,Delhi Minorities Commission,1,111,112,29,6,4,79,0,0,430,0,0,430,0,0,0,0
2022-23,163,59.69,Delhi Nursing Council,179,34,213,10,10,0,0,0,0,0,0,0,0,0,0,0,0
2022-23,163,59.70,Delhi Pharmacy Council,0,23,23,8,0,0,15,0,0,30,0,0,30,0,1,1,2
2022-23,164,59.71,Delhi Pollution Control Committee,18,258,276,15,97,64,238,0,0,1490,2012,0,3502,0,0,0,0
2022-23,164,59.72,Delhi Sanskrit Academy,1,14,15,0,0,0,15,0,0,20,0,0,20,0,0,0,0
2022-23,164,59.73,Delhi SC ST OBC Minority Handicapped Finance and Dev Corp,0,25,25,0,2,2,25,0,0,150,50,0,200,0,0,0,0
2022-23,164,59.74,Delhi State AIDS Control Society,241,63,304,0,8,4,56,2,0,122,490,0,612,1,0,1,2
2022-23,164,59.75,Delhi State Civil Supplies Corporation Limited,0,46,46,15,6,6,27,0,0,120,70,0,190,0,1,1,2
2022-23,164,59.76,Delhi State Consumer Disputes Redressal Commission,16,38,54,26,6,4,21,0,0,110,0,0,110,0,1,1,2
2022-23,164,59.77,Delhi State Haj Committee,0,7,7,0,0,0,7,0,0,0,0,0,0,0,0,0,0
2022-23,164,59.78,Delhi State Industrial and Infrastructure Development Corporation Limited,4,708,712,52,39,32,656,0,0,4760,3896,0,8656,0,0,0,0
2022-23,164,59.79,Delhi Subordinate Services Selection Board,377,6632,7009,584,994,909,5996,30,0,0,0,0,0,0,16,2,18
2022-23,164,59.80,Delhi Tourism and Transporation Devel­ opment Corporation Limited,259,173,432,44,47,41,80,0,0,970,146,0,1116,0,13,1,14
2022-23,164,59.81,Delhi Transco Limited,0,287,287,0,91,91,287,0,0,913,2222,0,3135,1,5,4,10
2022-23,164,59.82,Delhi Transport Corporation,560,1272,1832,178,251,203,1048,0,0,11180,1070,0,12250,0,0,0,0
2022-23,164,59.83,Delhi Wakf Board,25,448,473,35,73,67,229,147,0,2620,200,0,2820,0,1,1,2
2022-23,164,59.84,"Department for the Welfare of SC, ST, OBC and Minorities",49,544,593,157,26,16,375,0,0,210,0,0,210,1,1,1,3
2022-23,164,59.85,Department of Archaeology,1,47,48,23,1,1,21,4,0,0,0,0,0,0,0,0,0
2022-23,164,59.86,Department of Delhi Archives,8,276,284,26,15,14,252,0,0,1924,2135,0,4059,1,1,0,2
2022-23,164,59.87,Department of Environment,65,69,134,45,20,0,0,0,0,490,0,0,490,0,1,1,2
2022-23,164,59.88,Department of Food Safety,5,167,172,72,16,10,84,5,0,990,15,0,1005,1,17,1,19
2022-23,164,59.89,Department of Forest and Wild Life,5,1194,1199,149,70,70,993,6,0,2420,227,0,2647,0,5,1,6
2022-23,165,59.90,Department of Industries,0,106,106,48,11,9,48,0,0,400,0,0,400,0,0,0,0
2022-23,165,59.91,"Department of Law, Justice and Legislative Affairs",138,357,495,345,12,12,51,1,0,0,0,0,0,1,1,1,3
2022-23,165,59.92,Department of Power,0,672,672,158,76,76,514,0,0,320,190,0,510,0,3,1,4
2022-23,165,59.93,Department of Trade and Taxes,17,145,162,16,64,51,146,0,0,1360,0,0,1360,154,1,1,156
2022-23,165,59.94,Department of Training and Technical Education,0,542,542,106,109,109,436,0,0,1070,3636,0,4706,18,18,18,54
2022-23,165,59.95,Department of Urban Development,1,1607,1608,1149,32,32,400,50,0,1040,450,0,1490,11,11,0,22
2022-23,165,59.96,Development Department,9,530,539,319,61,25,213,4,0,800,216,0,1016,0,5,0,5
2022-23,165,59.97,Directorate General of Home Guards GNCTD,113,101,214,0,4,0,70,3,0,380,78,0,458,4,1,1,6
2022-23,165,59.98,Directorate of Agricultural Marketing,0,10,10,1,0,0,9,0,0,10,0,0,10,0,0,0,0
2022-23,165,59.99,Directorate of Audit,3,38,41,0,5,4,28,12,0,0,0,0,0,1,1,1,3
2022-23,165,59.100,Directorate of Education,842,32071,32913,7466,2294,1548,21536,1789,0,26142,10667,0,36809,47,47,8,102
2022-23,165,59.101,Directorate of Employment,4,159,163,55,0,0,108,0,0,110,0,0,110,0,1,1,2
2022-23,165,59.102,Directorate of Family Welfare,16,355,371,198,7,5,166,0,0,30,0,0,30,1,1,0,2
2022-23,165,59.103,Directorate of Gurudwara Election,0,15,15,4,7,7,11,0,0,80,10,0,90,1,1,1,3
2022-23,165,59.104,Directorate of Health Services Head Quarter,12738,5438,18176,1003,248,207,1264,0,0,3620,648,0,4268,1,23,1,25
2022-23,165,59.105,Directorate of Higher Education,4,353,357,145,15,15,212,0,0,202,0,0,202,0,0,0,0
2022-23,165,59.106,Directorate of Ayush,395,101,496,17,3,3,65,0,0,250,490,0,740,1,2,2,5
2022-23,165,59.107,Directorate of Information and Publicity,1,227,228,18,21,21,206,1,0,1020,54,0,1074,0,1,1,2
2022-23,166,59.108,Directorate of Prohibition,0,4,4,0,0,0,4,0,0,0,0,0,0,0,0,0,0
2022-23,166,59.109,Directorate of Prosecution Delhi,0,94,94,13,9,9,81,0,0,450,162,0,612,0,0,0,0
2022-23,166,59.110,Directorate of Small Savings and Lotteries,0,3,3,1,0,0,2,0,0,30,0,0,30,1,1,1,3
2022-23,166,59.111,Directorate of Training UTCS,0,5,5,1,1,0,4,0,0,0,0,0,0,1,1,1,3
2022-23,166,59.112,Directorate of Vigilance and Anti Cor­ ruption,14,475,489,130,52,15,326,13,0,2040,238,0,2278,9,0,2,11
2022-23,166,59.113,Dr. B.R. Sur Homoeopathic Medical Col­ lege and Hospital,64,110,174,6,2,2,60,0,0,30,0,0,30,0,0,0,0
2022-23,166,59.114,Dr. Baba Saheb Ambedkar Hospital,2,181,183,25,37,37,150,0,0,1190,168,0,1358,1,1,1,3
2022-23,166,59.115,Dr. Hedgewar Arogya Sansthan,2,117,119,2,14,14,109,0,0,980,40,0,1020,1,1,1,3
2022-23,166,59.116,Dr. N.C. Joshi Memorial Hospital,1,14,15,1,2,2,14,0,0,90,0,0,90,0,0,0,0
2022-23,166,59.117,Dte. of Economics and Statistics,1,49,50,10,0,0,40,0,0,0,0,0,0,1,1,1,3
2022-23,166,59.118,Excise Entertainment and Luxury Tax,0,168,168,0,27,13,168,0,0,0,0,0,0,0,0,0,0
2022-23,166,59.119,G.B. Pant Hospital,248,133,381,1,24,24,380,0,0,410,0,0,410,1,1,1,3
2022-23,166,59.120,Guru Gobind Singh Government Hospital,4,41,45,0,3,3,44,0,0,120,0,0,120,1,1,1,3
2022-23,166,59.121,Guru Gobind Singh Indraprastha University,0,431,431,32,77,77,397,0,0,1160,0,0,1160,0,1,0,1
2022-23,166,59.122,Guru Nanak Eye Centre,0,34,34,0,7,6,34,0,0,200,0,0,200,0,1,1,2
2022-23,166,59.123,Health and Family Welfare Department,100,1813,1913,1591,337,333,321,1,0,5670,2179,0,7849,0,38,1,39
2022-23,166,59.124,Hindi Academy Delhi,0,38,38,0,2,1,37,0,0,140,40,0,180,0,0,0,0
2022-23,166,59.125,Home Department GNCTD,13,739,752,620,39,39,130,0,0,3260,2408,0,5668,10,6,3,19
2022-23,166,59.126,Institute of Human Behaviour and Allied Sciences,20,171,191,1,40,38,139,38,0,1335,0,0,1335,0,0,0,0
2022-23,166,59.127,Jag Pravesh Chandra Hospital,3,70,73,1,14,13,67,0,0,320,0,0,320,0,1,1,2
2022-23,167,59.128,Labour Department Delhi,328,1928,2256,179,361,337,1723,50,0,7510,826,0,8336,23,21,13,57
2022-23,167,59.129,Lal Bahadur Shastri Hospital,34,127,161,3,21,17,145,0,0,140,130,0,270,0,0,0,0
2022-23,167,59.130,Lok Nayak Hospital,4,362,366,0,7,7,366,0,0,0,0,0,0,0,1,1,2
2022-23,167,59.131,Lt. Governors Secretariat,16,2090,2106,961,258,3,1069,0,0,14640,210,0,14850,1,1,1,3
2022-23,167,59.132,Maharaja Agrasen College Delhi,71,54,125,0,4,0,31,0,0,40,0,0,40,0,0,0,0
2022-23,167,59.133,Maharishi Valmiki Hospital,0,37,37,0,4,4,37,0,0,120,0,0,120,0,0,0,0
2022-23,167,59.134,Maharshi Valmiki College of Education,5,19,24,1,0,0,18,0,0,10,0,0,10,0,0,0,0
2022-23,167,59.135,Maulana Azad Institute of Dental Sciences,1,44,45,0,6,6,42,0,0,290,0,0,290,1,1,0,2
2022-23,167,59.136,NCC Department,0,15,15,0,2,2,15,0,0,0,0,0,0,0,3,1,4
2022-23,167,59.137,Nehru Homoeopathic Medical College and Hospital,2,17,19,0,1,1,18,0,0,60,218,0,278,0,0,0,0
2022-23,167,59.138,Netaji Subhas Institute of Technology,690,239,929,0,0,0,0,0,0,2010,108,0,2118,0,0,0,0
2022-23,167,59.139,Principal Account Ofifce,14,186,200,40,29,29,146,0,0,1375,192,0,1567,0,0,0,0
2022-23,167,59.140,Pt Madan Mohan Malviya Hospital,1,17,18,0,4,4,16,2,0,150,0,0,150,1,1,1,3
2022-23,167,59.141,Public Grievance Commission,2,238,240,91,30,29,137,0,0,1460,1692,0,3152,0,1,0,1
2022-23,167,59.142,Public Works Department Delhi,10,1383,1393,407,68,67,872,0,0,4054,3060,0,7114,127,127,41,295
2022-23,167,59.143,Punjabi Academy Delhi,3,21,24,1,2,2,20,2,0,10,0,0,10,1,1,0,2
2022-23,167,59.144,Rajya Sainik Board Delhi,0,9,9,3,2,0,4,0,0,30,0,0,30,0,1,1,2
2022-23,167,59.145,Rao Tula Ram Memorial Hospital,5,48,53,0,4,0,47,0,0,430,0,0,430,0,0,0,0
2022-23,168,59.146,Revenue Department,0,5260,5260,5260,873,458,0,0,0,30515,0,0,30515,0,107,12,119
2022-23,168,59.147,Sahitya Kala Parishad,0,12,12,1,3,2,11,0,0,0,0,0,0,1,1,1,3
2022-23,168,59.148,Samajik Suvidha Sangam,0,6,6,0,0,0,6,0,0,0,0,0,0,0,0,0,0
2022-23,168,59.149,Sanjay Gandhi Memorial Hospital,4,95,99,0,4,4,94,0,0,670,0,0,670,1,1,1,3
2022-23,168,59.150,Sardar Vallabh Bhai Patel Hospital,2,23,25,0,3,3,25,0,0,185,0,0,185,1,1,1,3
2022-23,168,59.151,Satyawadi Raja Harishchandra Hospital,1,56,57,1,6,6,56,0,0,210,0,0,210,1,1,1,3
2022-23,168,59.152,Services Department,526,1185,1711,486,105,28,644,0,0,870,2620,0,3490,11,3,1,15
2022-23,168,59.153,Shaheed Rajguru College of Applied Sciences for Women,0,39,39,1,4,4,37,0,0,80,0,0,80,1,1,1,3
2022-23,168,59.154,Shaheed Sukhdev College of Business Studies,0,42,42,1,1,1,41,0,0,0,0,0,0,0,0,0,0
2022-23,168,59.155,Sindhi Academy,0,25,25,0,0,0,23,0,0,10,0,0,10,0,1,1,2
2022-23,168,59.156,State Election Commission Delhi,0,186,186,56,28,28,101,0,0,690,72,0,762,0,1,1,2
2022-23,168,59.157,Tourism Department Delhi,0,31,31,17,0,0,14,0,0,210,0,0,210,0,0,0,0
2022-23,168,59.158,Ambedkar Institute of Technology,389,29,418,0,1,1,6,0,0,0,0,0,0,0,0,0,0
2022-23,168,59.159,Ambedkar Institute of Advance Communication Technologies and Research,0,5,5,0,0,0,5,0,0,50,0,0,50,0,0,0,0
2022-23,168,59.160,Kasturba Institute of Technology,35,2,37,1,9,0,0,0,0,0,0,0,0,1,1,1,3
2022-23,168,59.161,Bhai Parmanand Institute of Business Studies,7,21,28,0,0,0,21,0,0,0,0,0,0,1,1,1,3
2022-23,168,59.162,Delhi Dialogue & Development Commission,0,24,24,9,5,4,14,0,0,0,0,0,0,0,0,0,0
2022-23,168,59.163,Deputy Apprenticeship Advisor,0,0,0,0,0,0,0,0,0,0,0,0,0,1,1,1,3
2022-23,168,59.164,DFC (New Delhi & Chandigarh),1,8,9,0,0,0,9,0,0,0,0,0,0,0,0,0,0
2022-23,168,59.165,Forensic Science Laboratory,27,167,194,2,22,22,131,0,0,1290,0,0,1290,0,2,2,4
2022-23,169,59.166,G B Pant Institute of Technology,0,20,20,0,0,0,18,0,0,0,0,0,0,1,1,1,3
2022-23,169,59.167,Guru Nanak Institute of Technology,8,21,29,2,5,3,18,1,0,140,14,0,154,0,1,1,2
2022-23,169,59.168,Guru Teg Bahadur (GTB) Hospital,14,313,327,19,48,48,302,0,0,1630,256,0,1886,0,0,0,0
2022-23,169,59.169,Indira Gandhi Delhi Technical University for Women (IGDTUW),16,119,135,0,10,6,106,0,0,760,0,0,760,0,0,0,0
2022-23,169,59.170,Indraprastha Power Generation Co. Ltd. (GENCO),6,115,121,12,25,23,105,0,0,1080,0,0,1080,1,3,1,5
2022-23,169,59.171,Meera Bai Institute of Technology,96,27,123,0,3,3,19,0,0,20,0,0,20,0,1,1,2
2022-23,169,59.172,Ofifce of the Minister (Sh. Rajendra Pal Gautam),0,56,56,56,0,0,0,0,0,0,0,0,0,0,0,0,0
2022-23,169,59.173,Ofifce of the Minister (Sh. Satyendar Jain),0,85,85,81,11,0,4,0,0,560,0,0,560,1,1,1,3
2022-23,169,59.174,Pusa Institute of Technology,0,16,16,0,2,2,14,2,0,0,0,0,0,1,1,1,3
2022-23,169,59.175,State Council of Educational Research and Training (SCERT),3,209,212,24,13,13,180,0,0,220,124,0,344,1,1,1,3
2022-23,169,59.176,Weight & Measures Department,0,18,18,0,0,0,18,0,0,10,0,0,10,0,0,0,0
2022-23,169,59.177,South Delhi Municipal Corporation Central Zone,41,2872,2913,75,290,290,2796,0,0,14060,0,0,14060,0,0,0,0
2022-23,169,59.178,South Delhi Municipal Corporation Education Department,0,607,607,229,31,31,378,0,0,1130,248,0,1378,0,0,0,0
2022-23,169,59.179,South Delhi Municipal Corporation Engineering Deptt,0,3351,3351,1136,0,0,1173,0,0,1000,492,0,1492,0,0,0,0
2022-23,169,59.180,South Delhi Municipal Corporation Finance Deptt,0,496,496,74,19,18,421,0,0,10,0,0,10,0,0,0,0
2022-23,169,59.181,South Delhi Municipal Corporation Head Quarter,119,553,672,87,31,31,466,0,0,1409,36,0,1445,0,0,0,0
2022-23,169,59.182,South Delhi Municipal Corporation Najafgarh Zone,3888,686,4574,15,50,0,0,0,0,4218,7246,0,11464,0,0,0,0
2022-23,169,59.183,South Delhi Municipal Corporation West Zone,45,2709,2754,263,231,231,2469,16,0,18995,1888,0,20883,0,3,1,4
2022-23,170,59.184,"Maithili Bhojpuri Academy, Delhi",0,10,10,0,0,0,9,0,0,0,0,0,0,0,0,0,0
2022-23,170,59.185,Dr G G L S Prachya Vidya Pratishthan,0,5,5,0,0,0,5,0,0,0,0,0,0,0,1,0,1
2022-23,170,59.186,Delhi Medical Council,2036,201,2237,3,23,18,158,0,0,1060,10319,0,11379,0,1,1,2
2022-23,170,59.187,CDMO Ofifce (North),7,115,122,8,6,6,110,0,0,110,0,0,110,0,0,0,0
2022-23,170,59.188,Keshav Mahavidyalaya,0,45,45,0,7,0,40,0,0,80,0,0,80,1,1,1,3
2022-23,170,59.189,Delhi State Cancer Institute,8,53,61,0,10,10,56,0,0,18,3,0,21,1,1,1,3
2022-23,170,59.190,Aditi Mahavidyalaya,7,49,56,1,6,6,51,0,0,130,0,0,130,1,1,1,3
2023-24,162,59.1,National Law University Delhi,1,70,71,0,6,4,67,0,0,192,0,0,192,1,1,1,3
2023-24,162,59.2,Bhaskaracharaya College of Applied Sciences,1,18,19,0,0,0,19,0,0,100,0,0,100,1,1,1,3
2023-24,162,59.3,Delhi State Legal Services Authority,97,734,831,,46,31,528,14,0,734,248,0,982,2,13,1,16
2023-24,162,59.4,Ofifce of the Deputy Commissioner West,37,1084,1121,184,0,0,843,1,0,1560,0,0,1560,0,0,0,0
2023-24,162,59.5,Ofifce of the Chief Electoral Ofifcer,108,1078,1186,750,121,115,380,46,0,400,0,0,400,0,0,0,0
2023-24,162,59.6,Ofifce of the Chief Minister Delhi,26,1661,1687,1389,199,199,189,4,0,14385,0,0,14385,0,0,0,0
2023-24,162,59.7,Ofifce of the Chief Secretary Delhi Ofifce of the Deputy Commissioner Central [merged 1/2],0,864,864,796,99,93,68,0,0,166,40,0,206,0,1,1,2
2023-24,162,59.8,Ofifce of the Chief Secretary Delhi Ofifce of the Deputy Commissioner Central [merged 2/2],666,601,1267,900,220,220,0,0,0,1365,0,0,1365,2,0,0,2
2023-24,162,59.9,Ofifce of the Deputy Commissioner East,189,335,524,524,89,73,0,0,0,1300,0,0,1300,8,0,22,30
2023-24,162,59.10,Ofifce of the Deputy Commissioner New Delhi,12,520,532,55,43,43,470,0,0,1270,235,0,1505,0,0,0,0
2023-24,162,59.11,Ofifce of the Deputy Commissioner North,156,2944,3100,365,271,271,2579,0,0,12450,0,0,12450,0,0,0,0
2023-24,163,59.12,Ministry/ Independent Department Ofifce of the Deputy Commissioner North,34,73,108,6,2,0,15,57,0,42,0,0,,0,0,0,0
2023-24,163,59.13,East Ofifce of the Deputy Commissioner North West Ofifce of the Deputy Commissioner South [merged 1/2],9,5,4,248,89,89,4,3,0,0,6166,0,0,3,8,1,12
2023-24,163,59.14,East Ofifce of the Deputy Commissioner North West Ofifce of the Deputy Commissioner South [merged 2/2],19,543,562,447,203,29,311,0,0,2105,0,0,8271,0,0,0,0
2023-24,163,59.15,Ofifce of the Deputy Commissioner South West,656,105,761,48,12,0,100,0,0,410,0,0,410,1,1,1,3
2023-24,163,59.16,Ofifce of the Lokayukta Delhi,0,32,32,15,0,0,17,0,0,70,0,0,70,0,0,0,0
2023-24,163,59.17,Ofifce of the Minister of Food and Civil Supplies,1,18,19,16,1,0,3,0,0,50,0,0,50,0,0,0,0
2023-24,163,59.18,Ofifce of the Minister of Transport Development GAD Employment and Labour,1,45,46,41,6,5,5,0,0,290,0,0,290,0,0,0,0
2023-24,163,59.19,Ofifce of the Minister of Transport Law and Election,0,84,84,75,15,15,9,0,0,760,0,0,760,0,0,0,0
2023-24,163,59.20,Dr. B.R. Ambedkar University Delhi,20,88,108,0,39,10,99,0,0,100,874,0,974,0,1,1,2
2023-24,163,59.21,Delhi Technological University,0,183,183,5,35,35,178,0,0,420,76,0,496,1,1,1,3
2023-24,163,59.22,Indira Gandhi Institute of Physical Education and Sports Sciences Food Supply and Consumers Affairs [merged 1/2],0,20,20,0,1,1,18,0,0,0,0,0,0,0,0,0,0
2023-24,163,59.23,Indira Gandhi Institute of Physical Education and Sports Sciences Food Supply and Consumers Affairs [merged 2/2],5,127,128,49,15,0,78,0,0,315,10,0,325,0,0,1,1
2023-24,163,59.24,Drug Control Department,121,8,3,7,4,6,1,0,0,0,0,0,0,2,1,1,4
2023-24,163,59.25,Maulana Azad Medical College,17,130,147,5,2,0,0,0,0,940,0,0,940,1,1,1,3
2023-24,163,59.26,Urdu Academy Delhi,6,22,28,0,0,0,17,6,0,10,0,0,10,0,0,0,0
2023-24,163,59.27,Planning Department,2,127,129,50,10,10,73,0,0,970,0,0,970,1,1,1,3
2023-24,163,59.28,Department of Social Welfare GNCT of Delhi,7,798,805,130,132,125,664,0,0,1496,0,0,1496,0,54,1,55
2023-24,164,59.29,Registrar Cooperative Society Deptt. of Finance Delhi Electricity Regulatory Commission (DERC) [merged 1/3],285,361,646,139,386,354,310,0,0,1470,8889,0,359,0,0,0,0
2023-24,164,59.30,Registrar Cooperative Society Deptt. of Finance Delhi Electricity Regulatory Commission (DERC) [merged 2/3],0,369,369,218,4,4,147,0,0,370,0,0,370,0,0,0,0
2023-24,164,59.31,Registrar Cooperative Society Deptt. of Finance Delhi Electricity Regulatory Commission (DERC) [merged 3/3],51,425,476,33,41,41,325,0,0,1226,4066,0,5292,1,1,1,3
2023-24,164,59.32,MCD,0,10641,10641,10641,0,0,0,0,0,5095,0,0,5095,0,0,0,0
2023-24,164,59.33,NDMC,146,1485,1631,127,404,136,876,0,0,13040,2740,0,15780,68,71,54,193
2023-24,164,59.34,Delhi Labour Welfare Board,0,111,111,5,23,0,54,0,0,340,0,0,340,0,0,0,0
2023-24,164,59.35,Information and Technology Department,4,79,83,24,7,5,57,0,0,520,0,0,520,1,2,2,5
2023-24,164,59.36,A and U Tibbia College and Hospital,321,26,347,0,16,8,0,0,0,190,124,0,314,0,1,1,2
2023-24,164,59.37,Acharayashree Bhikshu Government Hospital,2,50,52,0,6,6,50,0,0,400,20,0,420,1,1,1,3
2023-24,164,59.38,Acharya Narendra Dev College,0,31,31,3,2,2,4,24,0,40,0,0,40,2,1,1,4
2023-24,164,59.39,"Administrative Reforms Department Art, Culture and Language Department [merged 1/2]",0,126,126,74,24,22,48,1,0,200,0,0,200,1,1,1,3
2023-24,164,59.40,"Administrative Reforms Department Art, Culture and Language Department [merged 2/2]",0,42,42,27,2,2,15,0,0,120,0,0,120,1,1,1,3
2023-24,164,59.41,Aruna Asaf Ali Government Hospital,77,45,122,0,4,4,58,0,0,300,210,0,510,0,0,0,0
2023-24,164,59.42,Department of Women and Child Development,67,727,794,153,135,133,626,15,0,1470,16,0,1486,0,0,0,0
2023-24,164,59.43,Attar Sain Jain Eye and General Hospital,0,7,7,0,1,1,7,0,0,50,20,0,70,0,1,1,2
2023-24,164,59.44,Babu Jagjivan Ram Memorial Hospital,4,72,76,1,9,7,60,0,0,529,0,0,529,0,0,1,1
2023-24,165,59.45,Ministry/ Independent Department Bhagini Nivedita College,225,36,261,6,8,0,32,0,0,50,0,0,,0,0,0,0
2023-24,165,59.46,Bhagwan Mahavir Hospital Bhim Rao Ambedkar College Delhi Jal Board [merged 1/3],8,54,62,0,0,0,50,0,0,490,0,0,490,1,1,1,3
2023-24,165,59.47,Bhagwan Mahavir Hospital Bhim Rao Ambedkar College Delhi Jal Board [merged 2/3],205,38,243,0,3,0,0,0,0,50,0,0,50,0,0,1,1
2023-24,165,59.48,Bhagwan Mahavir Hospital Bhim Rao Ambedkar College Delhi Jal Board [merged 3/3],742,1632,2374,4,545,506,1623,0,0,11370,31816,0,43186,218,0,64,282
2023-24,165,59.49,Board of Homoeopathic System of Medicine Delhi,22,9,31,0,0,0,8,0,0,10,20,0,30,0,0,0,0
2023-24,165,59.50,Board of Technical Education,0,101,101,0,17,17,101,0,0,770,30,0,800,1,1,1,3
2023-24,165,59.51,Central Jail Tihar,0,596,596,49,87,87,547,0,0,1940,1485,0,3425,0,19,1,20
2023-24,165,59.52,Chacha Nehru Bal Chikitsalaya,0,28,28,,2,2,24,1,0,200,0,0,200,0,0,0,0
2023-24,165,59.53,College of Art,6,34,40,0,0,0,40,0,0,210,0,0,210,0,1,1,2
2023-24,165,59.54,Commission for OBC,1,3,4,0,0,0,4,0,0,20,0,0,20,1,1,1,3
2023-24,165,59.55,Deen Dayal Upadhyay Hospital Deen Dayal Upadhyaya College [merged 1/2],85,7,92,0,0,0,0,10,0,930,0,0,930,0,0,0,0
2023-24,165,59.56,Deen Dayal Upadhyay Hospital Deen Dayal Upadhyaya College [merged 2/2],0,48,48,3,8,0,21,0,0,50,56,0,61,1,1,1,3
2023-24,165,59.57,Delhi Agricultural Marketing Board,6,537,543,107,53,53,367,0,0,2550,4,0,4,14,14,1,29
2023-24,165,59.58,Delhi Bharatiya Chikitsa Parishad,0,25,25,2,1,0,21,0,0,60,0,0,60,0,1,1,2
2023-24,165,59.59,Delhi Co Operative Housing Finance Corpo­ ration Limited,2,23,25,3,7,0,18,4,0,110,0,0,110,1,1,1,3
2023-24,165,59.60,Delhi Commission for Safai Karamcharis,0,31,31,17,3,3,14,0,0,160,0,0,160,0,0,1,1
2023-24,165,59.61,Delhi Commission for Women,2,421,423,69,36,18,341,0,0,3270,2823,0,6093,1,1,1,3
2023-24,166,59.62,Store Limited Delhi Dental Council Delhi Fire Services [merged 1/3],2,14,16,0,3,3,15,0,0,70,0,0,70,0,1,1,2
2023-24,166,59.63,Store Limited Delhi Dental Council Delhi Fire Services [merged 2/3],0,16,16,3,0,0,12,0,0,10,0,0,10,1,1,0,2
2023-24,166,59.64,Store Limited Delhi Dental Council Delhi Fire Services [merged 3/3],84,984,1068,6,176,24,1009,0,0,4965,0,0,4965,0,8,1,9
2023-24,166,59.65,Delhi Institute of Hotel Management and Catering Technology,0,33,33,11,1,1,22,0,0,20,0,0,20,0,0,0,0
2023-24,166,59.66,Delhi Institute of Pharmaceutical Sciences and Research,7,75,82,0,15,13,80,0,0,130,0,0,130,1,1,1,3
2023-24,166,59.67,Delhi Khadi and Village Industries Board,0,11,11,1,2,2,9,0,0,40,0,0,40,1,1,1,3
2023-24,166,59.68,Delhi Legislative Assembly Secretariat,731,151,882,43,10,10,837,0,0,690,950,0,1640,1,1,1,3
2023-24,166,59.69,Delhi Minorities Commission,4,99,103,20,4,3,80,0,0,260,0,0,260,0,0,0,0
2023-24,166,59.70,Delhi Nursing Council,203,29,232,3,10,0,0,0,0,0,0,0,0,0,1,1,2
2023-24,166,59.71,Delhi Pharmacy Council,0,15,15,2,0,0,13,0,0,70,0,0,70,0,0,0,0
2023-24,166,59.72,Delhi Pollution Control Committee Delhi Sanskrit Academy [merged 1/2],23,272,295,15,91,66,243,0,0,1740,2454,0,4194,0,0,0,0
2023-24,166,59.73,Delhi Pollution Control Committee Delhi Sanskrit Academy [merged 2/2],0,10,10,0,0,0,10,0,0,0,0,0,0,0,0,0,0
2023-24,166,59.74,Delhi SC ST OBC Minority Handicapped Finance and Dev Corp Delhi State AIDS Control Society [merged 1/2],0,10,10,0,0,0,10,0,0,80,0,0,80,0,0,0,0
2023-24,166,59.75,Delhi SC ST OBC Minority Handicapped Finance and Dev Corp Delhi State AIDS Control Society [merged 2/2],246,52,298,8,5,1,43,0,0,100,0,0,100,1,0,1,2
2023-24,166,59.76,Delhi State Civil Supplies Corporation Limited,4,76,80,8,10,10,63,0,0,300,588,0,888,0,1,1,2
2023-24,166,59.77,Delhi State Consumer Disputes Redressal Commission,7,66,73,35,17,17,33,0,0,260,10,0,270,0,1,1,2
2023-24,166,59.78,Delhi State Haj Committee,0,5,5,2,0,0,3,0,0,20,0,0,20,0,0,0,0
2023-24,166,59.79,Delhi State Industrial and Infrastructure Development Corporation Limited,4,852,856,68,37,35,768,0,0,3710,1244,0,4954,0,26,14,40
2023-24,167,59.80,Ministry/ Independent Department Delhi Subordinate Services Selection Board,39,731,771,6,69,58,668,15,0,0,0,0,,0,16,2,18
2023-24,167,59.81,Delhi Tourism and Transporation Development Corporation Limited Delhi Transco Limited [merged 1/2],9,4,3,3,2,4,3,0,0,130,0,0,130,14,0,0,14
2023-24,167,59.82,Delhi Tourism and Transporation Development Corporation Limited Delhi Transco Limited [merged 2/2],308,121,429,15,28,28,95,0,0,810,20972,0,21782,1,5,4,10
2023-24,167,59.83,Delhi Transport Corporation,606,1229,1835,94,248,239,1220,0,0,11240,1130,0,12370,0,0,0,0
2023-24,167,59.84,Delhi Wakf Board,62,347,409,9,57,57,289,9,0,2370,0,0,2370,1,1,1,3
2023-24,167,59.85,"Department for the Welfare of SC, ST, OBC and Minorities",61,560,621,12,36,21,296,0,0,1880,36,0,1916,1,1,1,3
2023-24,167,59.86,Department of Archaeology,0,45,45,29,3,3,16,0,0,25,0,0,25,0,0,0,0
2023-24,167,59.87,Department of Delhi Archives,6,268,274,9,13,12,254,0,0,1650,954,0,2604,1,1,1,3
2023-24,167,59.88,Department of Environment,89,85,174,51,32,0,0,0,0,0,0,0,0,0,0,0,0
2023-24,167,59.89,Department of Food Safety,11,222,233,65,27,17,150,2,0,1080,0,0,1080,1,12,1,14
2023-24,167,59.90,Department of Forest and Wild Life Department of Industries [merged 1/2],51,797,848,129,31,31,664,1,0,790,846,0,636,0,5,1,6
2023-24,167,59.91,Department of Forest and Wild Life Department of Industries [merged 2/2],10,123,133,44,18,18,85,2,0,810,0,0,810,0,0,0,0
2023-24,167,59.92,"Department of Law, Justice and Legislative Affairs",98,185,283,130,20,19,79,1,0,0,0,0,0,1,1,1,3
2023-24,167,59.93,Department of Power,0,516,516,138,58,58,378,0,0,340,584,0,924,0,3,1,4
2023-24,167,59.94,Department of Trade and Taxes,0,189,189,8,45,39,116,0,0,1964,0,0,1964,154,1,1,156
2023-24,168,59.95,Education Department of Urban Development Development Department [merged 1/3],0,52,52,0,47,47,52,3,0,75,210,0,985,18,18,18,54
2023-24,168,59.96,Education Department of Urban Development Development Department [merged 2/3],9,1027,1036,544,51,46,483,0,0,1250,2034,0,3284,11,11,3,25
2023-24,168,59.97,Education Department of Urban Development Development Department [merged 3/3],3,514,517,329,77,38,185,0,0,1080,486,0,1566,4,4,0,8
2023-24,168,59.98,Directorate General of Home Guards GNCTD,141,65,206,0,4,0,69,0,0,400,366,0,766,0,0,0,0
2023-24,168,59.99,Directorate of Agricultural Marketing,0,27,27,17,0,0,7,2,0,40,0,0,40,0,0,0,0
2023-24,168,59.100,Directorate of Audit,1,23,24,,5,3,20,1,0,0,0,0,0,0,0,0,0
2023-24,168,59.101,Directorate of Education,2122,28278,30400,54,2419,1435,21448,2444,0,11765,5674,0,17439,47,47,8,102
2023-24,168,59.102,Directorate of Employment,0,76,76,25,2,2,51,0,0,90,0,0,90,0,1,1,2
2023-24,168,59.103,Directorate of Family Welfare,7,133,140,48,7,5,87,0,0,140,0,0,140,1,1,1,3
2023-24,168,59.104,Directorate of Gurudwara Election Directorate of Health Services Head Quarter [merged 1/2],0,14,14,5,1,1,9,0,0,70,0,0,70,1,1,1,3
2023-24,168,59.105,Directorate of Gurudwara Election Directorate of Health Services Head Quarter [merged 2/2],159,317,190,172,14,14,90,0,0,515,348,0,863,1,22,1,24
2023-24,168,59.106,Directorate of Higher Education,9,6,85,6,2,2,6,0,0,4,0,0,4,0,0,0,0
2023-24,168,59.107,Directorate of Ayush,414,135,549,22,8,7,70,0,0,340,156,0,496,2,2,1,5
2023-24,168,59.108,Directorate of Information and Publicity,3,71,74,12,11,11,59,2,0,360,42,0,402,0,1,1,2
2023-24,168,59.109,Directorate of Prohibition,0,3,3,0,0,0,3,0,0,0,0,0,0,0,0,0,0
2023-24,168,59.110,Directorate of Prosecution Delhi,0,130,130,15,6,6,115,0,0,300,0,0,300,6,1,1,8
2023-24,168,59.111,Directorate of Small Savings and Lotteries,0,5,5,1,0,0,4,0,0,20,0,0,20,1,1,1,3
2023-24,169,59.112,Ministry/ Independent Department Directorate of Training UTCS,0,9,9,6,1,1,7,0,0,0,168,0,,1,1,1,3
2023-24,169,59.113,Directorate of Vigilance and Anti Corruption Dr. B.R. Sur Homoeopathic Medical College and Hospital Dr. Baba Saheb Ambedkar Hospital [merged 1/3],20,461,481,157,140,23,286,10,0,2164,0,0,2164,0,9,2,11
2023-24,169,59.114,Directorate of Vigilance and Anti Corruption Dr. B.R. Sur Homoeopathic Medical College and Hospital Dr. Baba Saheb Ambedkar Hospital [merged 2/3],108,27,135,5,1,1,14,0,0,75,686,0,761,1,1,1,3
2023-24,169,59.115,Directorate of Vigilance and Anti Corruption Dr. B.R. Sur Homoeopathic Medical College and Hospital Dr. Baba Saheb Ambedkar Hospital [merged 3/3],8,153,161,,28,28,152,0,0,1280,110,0,1390,1,1,1,3
2023-24,169,59.116,Dr. Hedgewar Arogya Sansthan,8,81,89,2,11,10,78,3,0,740,0,0,740,1,1,1,3
2023-24,169,59.117,Dr. N.C. Joshi Memorial Hospital,0,6,6,0,0,0,6,0,0,40,0,0,40,0,0,0,0
2023-24,169,59.118,Dte. of Economics and Statistics,0,39,39,15,2,2,23,0,0,50,0,0,50,1,1,1,3
2023-24,169,59.119,Excise Entertainment and Luxury Tax,0,97,97,,56,1,66,28,0,0,0,0,0,0,0,0,0
2023-24,169,59.120,G.B. Pant Hospital,0,123,123,0,32,32,123,0,0,490,0,0,490,1,1,0,2
2023-24,169,59.121,General Administration Department,38,569,607,139,80,71,452,0,0,1660,0,0,1660,0,1,1,2
2023-24,169,59.122,Guru Gobind Singh Government Hospital Guru Gobind Singh Indraprastha University [merged 1/2],1,37,38,1,3,3,34,0,0,0,0,0,0,1,1,1,3
2023-24,169,59.123,Guru Gobind Singh Government Hospital Guru Gobind Singh Indraprastha University [merged 2/2],2,35,35,1,8,8,33,0,0,98,20,0,30,0,1,0,1
2023-24,169,59.124,Guru Nanak Eye Centre,0,7,9,5,5,5,6,0,0,0,50,0,30,0,1,1,2
2023-24,169,59.125,Health and Family Welfare Department,0,1069,1069,1012,62,51,0,0,0,5550,200,0,5750,0,38,1,39
2023-24,169,59.126,Hindi Academy Delhi,1,14,15,0,2,2,15,0,0,50,0,0,50,0,0,0,0
2023-24,169,59.127,Home Department GNCTD,2,775,777,611,3,0,154,5,0,3050,1302,0,4352,10,6,3,19
2023-24,169,59.128,Institute of Human Behaviour and Allied Sciences,13,128,141,5,33,31,79,43,0,1240,0,0,1240,0,0,0,0
2023-24,170,59.129,Irrigation and Flood Control Department Jag Pravesh Chandra Hospital Labour Department Delhi [merged 1/3],296,323,619,99,684,652,380,148,0,972,7686,0,5658,0,26,5,31
2023-24,170,59.130,Irrigation and Flood Control Department Jag Pravesh Chandra Hospital Labour Department Delhi [merged 2/3],5,46,51,1,2,2,49,0,0,130,0,0,130,1,1,1,3
2023-24,170,59.131,Irrigation and Flood Control Department Jag Pravesh Chandra Hospital Labour Department Delhi [merged 3/3],304,2851,3155,13,186,182,2871,0,0,5120,990,0,6110,23,21,13,57
2023-24,170,59.132,Lal Bahadur Shastri Hospital,13,111,124,1,25,25,116,0,0,380,0,0,380,0,0,0,0
2023-24,170,59.133,Land and Building Department,10,695,705,77,107,105,628,0,0,5805,8718,0,14523,0,0,0,0
2023-24,170,59.134,Lok Nayak Hospital,0,444,444,8,45,43,436,0,0,2100,860,0,2960,0,1,1,2
2023-24,170,59.135,Lt. Governors Secretariat,76,2110,2186,1035,242,0,1081,0,0,15210,1545,0,16755,1,1,1,3
2023-24,170,59.136,Maharaja Agrasen College Delhi,94,35,129,2,4,0,17,0,0,40,102,0,142,0,0,0,0
2023-24,170,59.137,Maharishi Valmiki Hospital Maharshi Valmiki College of Education [merged 1/2],0,38,38,1,4,3,28,0,0,145,0,0,145,0,0,0,0
2023-24,170,59.138,Maharishi Valmiki Hospital Maharshi Valmiki College of Education [merged 2/2],5,9,14,0,0,0,12,0,0,0,0,0,0,0,0,0,0
2023-24,170,59.139,Maulana Azad Institute of Dental Sciences NCC Department [merged 1/2],3,65,68,0,13,13,59,0,0,530,0,0,530,0,0,0,0
2023-24,170,59.140,Maulana Azad Institute of Dental Sciences NCC Department [merged 2/2],0,12,12,3,0,0,9,0,0,0,0,0,0,0,3,1,4
2023-24,170,59.141,Nehru Homoeopathic Medical College and Hospital,1,15,16,0,1,1,13,1,0,50,802,0,852,1,1,1,3
2023-24,170,59.142,Netaji Subhas Institute of Technology,929,147,1076,0,0,0,0,0,0,1200,136,0,1336,0,0,0,0
2023-24,170,59.143,Principal Account Ofifce,14,155,169,60,23,22,97,0,0,1410,188,0,1598,0,0,0,0
2023-24,170,59.144,Pt Madan Mohan Malviya Hospital,0,33,33,0,2,2,31,1,0,280,0,0,280,1,1,1,3
2023-24,171,59.145,Ministry/ Independent Department Public Grievance Commission,12,18,19,6,25,18,11,0,0,104,58,0,,0,1,1,2
2023-24,171,59.146,Public Works Department Delhi Punjabi Academy Delhi [merged 1/2],114,4,6,609,114,114,0,16,0,0,8,0,8,127,127,41,295
2023-24,171,59.147,Public Works Department Delhi Punjabi Academy Delhi [merged 2/2],1,2495,2609,0,0,0,1977,0,0,2356,829,0,3185,1,1,0,2
2023-24,171,59.148,Rajya Sainik Board Delhi,2,0,2,0,2,2,2,0,0,0,0,0,0,1,1,1,3
2023-24,171,59.149,Rao Tula Ram Memorial Hospital,6,37,43,1,5,0,35,0,0,340,0,0,340,0,0,0,0
2023-24,171,59.150,Registrar Chit Fund,0,13,13,0,2,0,13,0,0,50,0,0,50,0,0,0,0
2023-24,171,59.151,Revenue Department,0,5137,5137,5137,2646,0,0,0,0,31687,0,0,31687,0,107,12,119
2023-24,171,59.152,Sahitya Kala Parishad,0,11,11,0,1,1,11,0,0,20,0,0,20,1,1,1,3
2023-24,171,59.153,Samajik Suvidha Sangam,0,37,37,0,0,0,28,0,0,60,338,0,398,0,0,0,0
2023-24,171,59.154,Sanjay Gandhi Memorial Hospital,5,76,81,2,13,12,77,0,0,320,0,0,320,0,1,1,2
2023-24,171,59.155,Sardar Vallabh Bhai Patel Hospital,0,27,27,1,1,1,20,5,0,100,576,0,676,1,1,1,3
2023-24,171,59.156,Satyawadi Raja Harishchandra Hospital Services Department [merged 1/2],0,3,3,3,0,0,6,3,0,40,0,0,40,0,0,0,0
2023-24,171,59.157,Satyawadi Raja Harishchandra Hospital Services Department [merged 2/2],581,619,1200,226,59,54,551,0,0,560,222,0,782,10,12,3,25
2023-24,171,59.158,Shaheed Rajguru College of Applied Sciences for Women,1,20,21,1,4,4,18,0,0,0,0,0,0,1,1,1,3
2023-24,171,59.159,Shaheed Sukhdev College of Business Studies,0,35,35,0,0,0,32,0,0,0,0,0,0,0,0,0,0
2023-24,171,59.160,Sindhi Academy,2,4,6,0,0,0,6,0,0,0,0,0,0,1,1,1,3
2023-24,171,59.161,State Election Commission Delhi,29,127,156,46,20,20,110,0,0,650,116,0,766,0,1,1,2
2023-24,172,59.162,Tourism Department Delhi Transport Department Delhi Ambedkar Institute of Technology [merged 1/3],0,53,53,24,2,2,19,9,0,0,0,0,0,0,0,0,0
2023-24,172,59.163,Tourism Department Delhi Transport Department Delhi Ambedkar Institute of Technology [merged 2/3],710,2037,2747,88,755,0,1520,1,0,16960,371,0,17331,1,38,17,56
2023-24,172,59.164,Tourism Department Delhi Transport Department Delhi Ambedkar Institute of Technology [merged 3/3],412,33,445,,0,0,33,0,0,80,140,0,220,1,1,1,3
2023-24,172,59.165,Ambedkar Institute of Advance Communication Technologies and Research,0,9,9,1,0,0,0,0,0,100,6,0,106,0,0,0,0
2023-24,172,59.166,Bhai Parmanand Institute of Business Studies,7,22,29,0,0,0,29,0,0,4,0,0,4,0,1,1,2
2023-24,172,59.167,Delhi Dialogue & Development Commission,1,31,32,10,7,6,22,0,0,0,0,0,0,0,0,0,0
2023-24,172,59.168,Deputy Apprenticeship Advisor,0,0,0,0,0,0,0,0,0,0,0,0,0,1,1,1,3
2023-24,172,59.169,DFC (New Delhi & Chandigarh),0,15,15,0,0,0,15,0,0,150,1096,0,1246,1,1,1,3
2023-24,172,59.170,Forensic Science Laboratory,61,174,235,0,15,15,219,0,0,1070,0,0,1070,0,0,0,0
2023-24,172,59.171,Guru Teg Bahadur (GTB) Hospital Indira Gandhi Delhi Technical University for [merged 1/2],6,312,318,32,30,29,278,0,0,2680,180,0,2860,0,0,0,0
2023-24,172,59.172,Guru Teg Bahadur (GTB) Hospital Indira Gandhi Delhi Technical University for [merged 2/2],2,6,9,0,1,1,6,0,0,40,0,0,40,0,0,0,0
2023-24,172,59.173,Women (IGDTUW) Indraprastha Power Generation Co. Ltd. (GENCO),9,9,8,9,6,4,4,0,0,0,0,0,0,1,3,1,5
2023-24,172,59.174,Meera Bai Institute of Technology,104,25,129,1,0,0,18,0,1,0,0,0,0,1,1,0,2
2023-24,172,59.175,Ofifce of the Minister (Sh. Rajendra Pal Gautam),0,38,38,38,0,0,0,0,0,0,0,0,0,0,0,0,0
2023-24,172,59.176,Ofifce of the Minister (Sh. Satyendar Jain),0,128,128,105,6,0,21,0,0,930,0,0,930,1,1,1,3
2023-24,172,59.177,State Council of Educational Research and Training (SCERT),8,161,169,27,25,25,142,0,0,190,172,0,362,1,1,1,3
2023-24,172,59.178,Weight & Measures Department,0,55,55,0,0,0,55,0,0,80,0,0,80,0,0,0,0
2023-24,173,59.179,Ministry/ Independent Department South Delhi Municipal Corporation Central,42,282,286,6,27,26,276,0,0,115,0,0,,24,12,4,40
2023-24,173,59.180,Zone South Delhi Municipal Corporation Education Department South Delhi Municipal Corporation Finance Deptt [merged 1/2],0,6,8,311,6,8,9,0,0,60,1359,0,60,0,0,0,0
2023-24,173,59.181,Zone South Delhi Municipal Corporation Education Department South Delhi Municipal Corporation Finance Deptt [merged 2/2],1,836,836,212,64,62,525,0,0,1175,0,0,2534,0,0,0,0
2023-24,173,59.182,South Delhi Municipal Corporation Head Quarter,119,454,573,100,36,36,354,0,0,1522,12,0,1534,0,0,0,0
2023-24,173,59.183,South Delhi Municipal Corporation West Zone,6,2915,2921,340,237,225,2473,0,0,11533,2107,0,13640,0,3,1,4
2023-24,173,59.184,"Maithili Bhojpuri Academy, Delhi",1,3,4,0,0,0,3,0,0,0,0,0,0,0,0,0,0
2023-24,173,59.185,Dr G G L S Prachya Vidya Pratishthan,0,6,6,0,0,0,6,0,0,0,0,0,0,0,0,0,0
2023-24,173,59.186,Delhi Medical Council,2076,211,2287,35,22,17,167,0,0,620,9823,0,10443,0,1,1,2
2023-24,173,59.187,CDMO Ofifce (North),4,132,136,6,1,13,107,0,0,200,94,0,294,0,0,0,0
2023-24,173,59.188,Keshav Mahavidyalaya Delhi State Cancer Institute [merged 1/2],5,52,57,0,19,19,54,4,0,120,0,0,120,1,1,1,3
2023-24,173,59.189,Keshav Mahavidyalaya Delhi State Cancer Institute [merged 2/2],5,98,103,0,0,0,4,0,0,120,256,0,376,0,0,0,0
2023-24,173,59.190,Aditi Mahavidyalaya Delhi Skill University [merged 1/2],4,31,35,0,3,3,34,2,0,120,0,0,120,1,1,1,3
2023-24,173,59.191,Aditi Mahavidyalaya Delhi Skill University [merged 2/2],7,217,224,24,0,0,163,0,0,210,13244,0,13454,0,1,1,2
2023-24,173,59.192,Institute of Liver & Biliary Sciences,0,74,74,0,9,9,67,2,0,710,0,0,710,12,2,2,16
